Date,Name,Year,Letterboxd URI,Rating,Rewatch,Tags,Watched Date
2018-11-13,Before Sunrise,1995,https://boxd.it/yLgEr,4.5,,,2018-11-12
2018-11-13,Before Sunset,2004,https://boxd.it/yLJYZ,4.5,,,2018-11-13
2018-11-20,American Honey,2016,https://boxd.it/z1ytX,5,,,2018-11-19
2018-11-29,Waltz with Bashir,2008,https://boxd.it/zpnRH,4,,,2018-11-28
2018-12-03,Frances Ha,2012,https://boxd.it/zyCXt,5,,,2018-12-02
2018-12-05,The Grand Budapest Hotel,2014,https://boxd.it/zFCox,4,,,2018-12-05
2019-01-17,"Sherlock, Jr.",1924,https://boxd.it/C6thJ,4,,,2019-01-16
2019-02-09,Palo Alto,2013,https://boxd.it/DsKQJ,3.5,,,2019-02-09
2019-03-16,Under the Skin,2013,https://boxd.it/FiKQx,4,,,2019-03-15
2019-03-18,Swiss Army Man,2016,https://boxd.it/Fp3Ed,4.5,,,2019-03-16
2019-03-21,Shadow of a Doubt,1943,https://boxd.it/FzpR9,4,,,2019-03-20
2019-04-02,"Synecdoche, New York",2008,https://boxd.it/Gaftl,5,Yes,,2019-03-30
2019-04-02,Badlands,1973,https://boxd.it/Gb1TV,4,,,2019-04-01
2019-04-03,Us,2019,https://boxd.it/GdZU9,4.5,,,2019-04-02
2019-04-04,The Fall,2006,https://boxd.it/GfGJF,4,,,2019-04-03
2019-04-11,Spider-Man: Into the Spider-Verse,2018,https://boxd.it/GAp5v,4.5,,,2019-04-10
2019-04-15,The Rider,2017,https://boxd.it/GKW1h,4.5,,,2019-04-13
2019-04-16,Never Let Me Go,2010,https://boxd.it/GPu9x,3,,,2019-04-15
2019-04-24,mid90s,2018,https://boxd.it/Hbym5,3.5,,,2019-04-23
2019-05-02,Burning,2018,https://boxd.it/HBXb9,4,,,2019-05-02
2019-05-05,Cold War,2018,https://boxd.it/HL9Wp,4.5,,,2019-05-05
2019-05-25,The Perfection,2018,https://boxd.it/IG52h,1,,,2019-05-25
2019-05-30,Dogville,2003,https://boxd.it/IVTxz,2.5,,,2019-05-29
2019-05-30,Let the Right One In,2008,https://boxd.it/IWSe9,4,,,2019-05-30
2019-05-30,Kicking and Screaming,1995,https://boxd.it/IX8zx,3,,,2019-05-30
2019-06-05,The One I Love,2014,https://boxd.it/JePjL,4,,,2019-06-05
2019-07-28,Once Upon a Time… in Hollywood,2019,https://boxd.it/LSr7p,4,,,2019-07-27
2019-07-28,Three Colors: Blue,1993,https://boxd.it/LTkA7,4,,,2019-07-27
2019-08-03,Boy,2010,https://boxd.it/McPGt,4.5,,,2019-08-02
2019-08-14,First Man,2018,https://boxd.it/MNBq1,4,,,2019-08-13
2019-08-19,On Body and Soul,2017,https://boxd.it/N2W1L,4,,,2019-08-18
2019-08-19,On Body and Soul,2017,https://boxd.it/N3AAh,4,Yes,,2019-08-18
2019-08-19,Night Moves,2013,https://boxd.it/N4t0D,3,,,2019-08-19
2019-08-19,Thor: Ragnarok,2017,https://boxd.it/N4uF3,1.5,,,2019-08-19
2019-08-21,Wild Strawberries,1957,https://boxd.it/NaCtB,3.5,,,2019-08-20
2019-08-21,Clouds of Sils Maria,2014,https://boxd.it/Nb6LZ,2.5,,,2019-08-21
2019-08-22,Divines,2016,https://boxd.it/Neb93,3,,,2019-08-21
2019-09-02,Blue Valentine,2010,https://boxd.it/NLz9x,5,,,2019-09-01
2019-09-22,Ad Astra,2019,https://boxd.it/ONOFh,4,,,2019-09-21
2019-10-03,Midsommar,2019,https://boxd.it/PnnNv,4,,,2019-10-02
2019-10-05,Joker,2019,https://boxd.it/PtGst,5,,,2019-10-04
2019-10-05,Joker,2019,https://boxd.it/PtI5B,5,Yes,,2019-10-04
2019-10-31,The Lighthouse,2019,https://boxd.it/R57w1,,,,2019-10-30
2019-11-02,Parasite,2019,https://boxd.it/RcPZP,4.5,,,2019-11-01
2019-11-17,Snowpiercer,2013,https://boxd.it/S7DzT,3.5,,,2019-11-16
2019-11-27,"I, Tonya",2017,https://boxd.it/SGJ0v,4,,,2019-11-26
2019-11-29,The Irishman,2019,https://boxd.it/SOjSn,5,,,2019-11-28
2019-12-02,Avatar,2009,https://boxd.it/T0M5N,2.5,,,2019-12-01
2019-12-08,Marriage Story,2019,https://boxd.it/TofL5,4.5,,,2019-12-07
2019-12-12,Sorry to Bother You,2018,https://boxd.it/TEMcz,3.5,Yes,,2019-12-11
2019-12-12,A Star Is Born,2018,https://boxd.it/TENYz,5,Yes,,2019-12-11
2019-12-12,Cléo from 5 to 7,1962,https://boxd.it/TERCn,4.5,,,2019-12-11
2019-12-15,Breathless,1960,https://boxd.it/TRV8n,4,,,2019-12-14
2019-12-18,Atlantics,2019,https://boxd.it/U47yr,4.5,,,2019-12-17
2019-12-21,Joker,2019,https://boxd.it/UeWeH,4.5,Yes,,2019-12-20
2019-12-21,Logan's Run,1976,https://boxd.it/Ui5Hf,3.5,,,2019-12-21
2019-12-23,The Last Black Man in San Francisco,2019,https://boxd.it/UsOpF,4,,,2019-12-23
2019-12-27,Sweetheart,2019,https://boxd.it/ULhqj,1,,,2019-12-26
2019-12-27,Uncut Gems,2019,https://boxd.it/UMOkv,4.5,,,2019-12-26
2019-12-27,Vivre Sa Vie,1962,https://boxd.it/UNy81,4,,,2019-12-26
2019-12-29,Manhattan,1979,https://boxd.it/UZqad,4,,,2019-12-29
2019-12-30,Waves,2019,https://boxd.it/V3xt5,5,,,2019-12-29
2020-01-02,In the Mood for Love,2000,https://boxd.it/VpvXL,4.5,,,2020-01-02
2020-01-03,Sweet Virginia,2017,https://boxd.it/VvPAf,1.5,,,2020-01-02
2020-01-04,Persona,1966,https://boxd.it/VCdsh,5,,,2020-01-03
2020-01-05,The Lure,2015,https://boxd.it/VJ82d,1,,,2020-01-04
2020-01-06,Thoroughbreds,2017,https://boxd.it/VQTR7,3.5,,,2020-01-06
2020-01-10,Eroica,1958,https://boxd.it/W9QsL,3,,,2020-01-09
2020-01-11,1917,2019,https://boxd.it/WgMk3,3.5,,,2020-01-10
2020-01-13,John Wick: Chapter 3 - Parabellum,2019,https://boxd.it/Wuz2j,3,,,2020-01-12
2020-01-14,The Rain People,1969,https://boxd.it/WB50h,4,,,2020-01-13
2020-01-16,A Generation,1955,https://boxd.it/WMLwB,3,,,2020-01-15
2020-01-20,Inception,2010,https://boxd.it/X8S6p,4.5,Yes,,2020-01-19
2020-01-21,The Butcher,1970,https://boxd.it/XfKsL,3,,,2020-01-20
2020-01-23,Ashes and Diamonds,1958,https://boxd.it/XqgDV,4,,,2020-01-22
2020-01-27,Brawl in Cell Block 99,2017,https://boxd.it/XMPpt,4,,,2020-01-26
2020-01-28,Electra Glide in Blue,1973,https://boxd.it/XRh89,3,,,2020-01-27
2020-01-28,High Life,2018,https://boxd.it/XSYmv,2,,,2020-01-28
2020-01-30,Knife in the Water,1962,https://boxd.it/Y0vU5,4.5,,,2020-01-29
2020-02-03,The Souvenir,2019,https://boxd.it/YodnZ,3,,,2020-02-02
2020-02-04,I Knew Her Well,1965,https://boxd.it/YsPDT,5,,,2020-02-03
2020-02-06,Illumination,1973,https://boxd.it/YCZlb,4,,,2020-02-05
2020-02-11,Cría cuervos…,1976,https://boxd.it/Z4w7F,4,,,2020-02-10
2020-02-13,Man of Marble,1977,https://boxd.it/ZfKKt,3.5,,,2020-02-12
2020-02-20,The American Friend,1977,https://boxd.it/ZT8FZ,3.5,,,2020-02-17
2020-02-21,Shivers,1981,https://boxd.it/ZXrpz,4,,,2020-02-20
2020-02-27,Camera Buff,1979,https://boxd.it/10trfN,4.5,,,2020-02-26
2020-03-08,Waves,2019,https://boxd.it/11eDX7,5,Yes,,2020-03-07
2020-03-08,Ford v Ferrari,2019,https://boxd.it/11eFkL,4,,,2020-03-07
2020-03-11,High School,1968,https://boxd.it/11rQoZ,3,,,2020-03-10
2020-03-13,Birds of Passage,2018,https://boxd.it/11Ag93,4,,,2020-03-12
2020-03-13,Birds of Passage,2018,https://boxd.it/11Agnz,4,Yes,,2020-03-12
2020-03-15,Solaris,1972,https://boxd.it/11MuoP,5,,,2020-03-15
2020-03-16,Solaris,1972,https://boxd.it/11OJjJ,5,Yes,,2020-03-15
2020-03-16,Phantom Thread,2017,https://boxd.it/11Tjlf,4.5,,,2020-03-15
2020-03-17,The Seventh Seal,1957,https://boxd.it/11YQHt,3.5,,,2020-03-16
2020-03-21,9,2009,https://boxd.it/12j6EZ,1.5,,,2020-03-20
2020-03-22,The Platform,2019,https://boxd.it/12tYC9,3.5,,,2020-03-22
2020-03-25,Decalogue VI,1989,https://boxd.it/12O4gN,4,,,2020-03-24
2020-03-25,Bullet in the Head,1990,https://boxd.it/12PxPT,1.5,,,2020-03-25
2020-03-27,Ju Dou,1990,https://boxd.it/12ZtOR,4.5,,,2020-03-26
2020-03-28,The Art of Self-Defense,2019,https://boxd.it/134SEx,3.5,,,2020-03-27
2020-03-28,Portrait of a Lady on Fire,2019,https://boxd.it/139okH,5,,,2020-03-28
2020-03-30,The Square,2017,https://boxd.it/13nF5x,4.5,,,2020-03-29
2020-04-01,Next Floor,2008,https://boxd.it/13DDE3,,,,2020-03-31
2020-04-01,Memories of Underdevelopment,1968,https://boxd.it/13DZgn,4,,,2020-03-31
2020-04-01,Circle,2015,https://boxd.it/13FzxL,1,,,2020-04-01
2020-04-03,Dogs,1992,https://boxd.it/13SI6F,3,,,2020-04-02
2020-04-03,Minority Report,2002,https://boxd.it/13U9bT,3.5,,,2020-04-03
2020-04-05,Akira,1988,https://boxd.it/144eLx,4,,,2020-04-04
2020-04-06,Stalker,1979,https://boxd.it/14ifOP,5,,,2020-04-06
2020-04-07,Funny Games,1997,https://boxd.it/14pxyz,0.5,,,2020-04-07
2020-04-08,Touki Bouki,1973,https://boxd.it/14uVqT,2.5,,,2020-04-07
2020-04-09,Man on a Ledge,2012,https://boxd.it/14CXy7,1,,,2020-04-09
2020-04-11,Border,2018,https://boxd.it/14Oo7J,3.5,,,2020-04-10
2020-04-12,Parasite,2019,https://boxd.it/14WnXZ,4.5,Yes,,2020-04-11
2020-04-12,In Darkness,2011,https://boxd.it/14XrTf,3,,,2020-04-11
2020-04-13,The Nightingale,2018,https://boxd.it/155eS5,4.5,,,2020-04-12
2020-04-13,The Last Wave,1977,https://boxd.it/157wYJ,3,,,2020-04-12
2020-04-13,Chungking Express,1994,https://boxd.it/15bstZ,4.5,,,2020-04-13
2020-04-15,Decalogue VIII,1989,https://boxd.it/15rIb5,3,,,2020-04-15
2020-04-16,Ida,2013,https://boxd.it/15xuhl,4,,,2020-04-15
2020-04-16,House,1977,https://boxd.it/15yUXz,3,,,2020-04-16
2020-04-17,45 Years,2015,https://boxd.it/15G5yT,4.5,,,2020-04-17
2020-04-18,Melancholia,2011,https://boxd.it/15Nh0N,4,,,2020-04-18
2020-04-21,Force Majeure,2014,https://boxd.it/16czjD,4,,,2020-04-21
2020-04-23,The Host,2006,https://boxd.it/16qzJp,2.5,,,2020-04-23
2020-04-25,Certified Copy,2010,https://boxd.it/16EJz3,3.5,,,2020-04-25
2020-04-26,Certified Copy,2010,https://boxd.it/16Mzmp,4.5,Yes,,2020-04-26
2020-04-28,Extraction,2020,https://boxd.it/173XOr,2,,,2020-04-28
2020-04-29,Bad Education,2019,https://boxd.it/17aPhN,4,,,2020-04-29
2020-04-29,Truth or Dare,2017,https://boxd.it/17aT9N,0.5,,,2020-04-29
2020-04-30,Killer Klowns from Outer Space,1988,https://boxd.it/17hv5L,3.5,,,2020-04-30
2020-05-01,Molly's Game,2017,https://boxd.it/17piIV,4,,,2020-05-01
2020-05-02,Blood Father,2016,https://boxd.it/17x17J,2,,,2020-05-02
2020-05-03,It Chapter Two,2019,https://boxd.it/17FFzf,2,,,2020-05-03
2020-05-04,The Matrix Reloaded,2003,https://boxd.it/17NzcP,2.5,,,2020-05-03
2020-05-04,The Matrix Revolutions,2003,https://boxd.it/17Nzvd,1,,,2020-05-03
2020-05-04,Closer,2004,https://boxd.it/17Pwt3,4,,,2020-05-04
2020-05-05,Dragged Across Concrete,2018,https://boxd.it/17UujP,4,,,2020-05-04
2020-05-05,Shutter Island,2010,https://boxd.it/17VEbN,4,,,2020-05-04
2020-05-05,Mortal Kombat,1995,https://boxd.it/17WsQh,1,,,2020-05-05
2020-05-07,The Killing of a Sacred Deer,2017,https://boxd.it/188ySn,3,,,2020-05-06
2020-05-07,La La Land,2016,https://boxd.it/189SLN,5,Yes,,2020-05-07
2020-05-08,Jarhead,2005,https://boxd.it/18f3kt,3.5,,,2020-05-07
2020-05-12,The Meg,2018,https://boxd.it/18LeR3,3,,,2020-05-11
2020-05-15,Avengers: Endgame,2019,https://boxd.it/1933mT,3,,,2020-05-14
2020-05-18,Star Wars: The Rise of Skywalker,2019,https://boxd.it/19nbJL,2,,,2020-05-17
2020-05-19,Bone Tomahawk,2015,https://boxd.it/19yzgP,3.5,,,2020-05-18
2020-05-25,Vice,2018,https://boxd.it/1abAib,1.5,,,2020-05-24
2020-05-28,Uncut Gems,2019,https://boxd.it/1axlGV,4.5,Yes,,2020-05-27
2020-05-31,Come to Daddy,2019,https://boxd.it/1aRNdx,1.5,,,2020-05-30
2020-05-31,Honey Boy,2019,https://boxd.it/1aUFAJ,4,,,2020-05-30
2020-06-05,Den of Thieves,2018,https://boxd.it/1bqA3p,3,,,2020-06-05
2020-06-08,Escape From Alcatraz,1979,https://boxd.it/1bIc7D,3,,,2020-06-07
2020-06-08,Ash Is Purest White,2018,https://boxd.it/1bKJxD,3,,,2020-06-07
2020-06-09,The Great Escape,1963,https://boxd.it/1bRn3F,3.5,,,2020-06-08
2020-06-10,Escape from New York,1981,https://boxd.it/1bX1fr,3.5,,,2020-06-09
2020-06-11,House of 1000 Corpses,2003,https://boxd.it/1c3IdZ,1.5,,,2020-06-10
2020-06-13,Da 5 Bloods,2020,https://boxd.it/1ceSrf,3,,,2020-06-12
2020-06-17,Batman: The Killing Joke,2016,https://boxd.it/1cIK7r,3.5,,,2020-06-16
2020-06-18,Spirited Away,2001,https://boxd.it/1cP1zp,4.5,,,2020-06-18
2020-06-21,Nausicaä of the Valley of the Wind,1984,https://boxd.it/1d7X5j,3,,,2020-06-21
2020-06-24,Uncut Gems,2019,https://boxd.it/1dmFQL,5,Yes,,2020-06-23
2020-06-25,The Fountain,2006,https://boxd.it/1dwcgp,2.5,,,2020-06-25
2020-06-26,Castle in the Sky,1986,https://boxd.it/1dBo2J,3.5,,,2020-06-26
2020-06-27,The Lighthouse,2019,https://boxd.it/1dHhLJ,4.5,Yes,,2020-06-27
2020-06-29,The Cabin in the Woods,2011,https://boxd.it/1dRPTd,3.5,,,2020-06-28
2020-07-02,Doctor Sleep,2019,https://boxd.it/1e8Ry1,3,,,2020-07-01
2020-07-11,Jeffrey Epstein: Filthy Rich,2020,https://boxd.it/1f85fJ,3.5,,,2020-07-05
2020-07-15,Ready or Not,2019,https://boxd.it/1fAXtB,4,,,2020-07-14
2020-07-17,Rambo: Last Blood,2019,https://boxd.it/1fJ0d3,2,,,2020-07-16
2020-07-19,Ready or Not,2019,https://boxd.it/1fW7Cv,4,Yes,,2020-07-18
2020-07-24,Blow Out,1981,https://boxd.it/1gswxT,4,,,2020-07-23
2020-07-24,Dressed to Kill,1980,https://boxd.it/1gtuJv,4,,,2020-07-23
2020-07-28,The Handmaiden,2016,https://boxd.it/1gV0CZ,5,,,2020-07-27
2020-08-02,Princess Mononoke,1997,https://boxd.it/1hpeOZ,4,,,2020-08-01
2020-08-07,An American Pickle,2020,https://boxd.it/1hUOuN,3.5,,,2020-08-06
2020-08-08,Before the Devil Knows You're Dead,2007,https://boxd.it/1i3DsT,4,,,2020-08-08
2020-08-16,Richard Jewell,2019,https://boxd.it/1iPkh9,3,,,2020-08-15
2020-08-21,Howl's Moving Castle,2004,https://boxd.it/1jpp7Z,3.5,,,2020-08-20
2020-08-24,The Endless,2017,https://boxd.it/1jJCzd,3,,,2020-08-24
2020-09-02,I'm No Longer Here,2019,https://boxd.it/1kEmuF,4,,,2020-09-01
2020-09-05,I'm Thinking of Ending Things,2020,https://boxd.it/1kWmjN,4,,,2020-09-04
2020-09-07,The Searchers,1956,https://boxd.it/1leHtP,3,,,2020-09-07
2020-09-09,I'm Thinking of Ending Things,2020,https://boxd.it/1lo96x,4.5,Yes,,2020-09-08
2020-09-11,Dog Day Afternoon,1975,https://boxd.it/1lzUXl,4.5,,,2020-09-10
2020-09-15,La Cucaracha,1934,https://boxd.it/1m1uWH,1.5,,,2020-09-14
2020-09-15,Young Mr. Lincoln,1939,https://boxd.it/1m5e9R,3,,,2020-09-15
2020-09-17,Allá en el Rancho Grande,1936,https://boxd.it/1mfHBF,3,,,2020-09-16
2020-09-17,The Devil All the Time,2020,https://boxd.it/1mgoRh,2.5,,,2020-09-16
2020-09-21,She-Devil Island,1936,https://boxd.it/1mH175,3,,,2020-09-20
2020-09-22,The Invisible Man,2020,https://boxd.it/1mNb5b,4.5,,,2020-09-21
2020-10-02,American Murder: The Family Next Door,2020,https://boxd.it/1nKCg9,3.5,,,2020-10-01
2020-10-06,Vertigo,1958,https://boxd.it/1oaRQN,4.5,,,2020-10-05
2020-10-06,Horrible Bosses 2,2014,https://boxd.it/1odQu3,2,,,2020-10-05
2020-10-08,The Young and the Damned,1950,https://boxd.it/1omuZh,3.5,,,2020-10-07
2020-10-09,Susana: The Devil & the Flesh,1951,https://boxd.it/1ouaOz,3.5,,,2020-10-08
2020-10-10,The Social Dilemma,2020,https://boxd.it/1oDFgr,3.5,,,2020-10-10
2020-10-13,The Brainiac,1962,https://boxd.it/1oZ5Wv,3,,,2020-10-12
2020-10-14,Class Action Park,2020,https://boxd.it/1p5hEv,2,,,2020-10-13
2020-10-15,The Outpost,2019,https://boxd.it/1pb4Ct,3,,,2020-10-14
2020-10-17,City of God,2002,https://boxd.it/1pmLXr,5,Yes,,2020-10-16
2020-10-18,The Trial of the Chicago 7,2020,https://boxd.it/1pv3oZ,3,,,2020-10-18
2020-10-20,Fatal Attraction,1987,https://boxd.it/1pIL4v,3,,,2020-10-19
2020-10-23,Canoa: A Shameful Memory,1976,https://boxd.it/1pZvAz,3.5,,,2020-10-22
2020-10-23,Basic Instinct,1992,https://boxd.it/1q1YeB,4,,,2020-10-22
2020-10-24,Borat Subsequent Moviefilm,2020,https://boxd.it/1q7RQP,3,,,2020-10-23
2020-10-24,Sliver,1993,https://boxd.it/1q8Zzp,1,,,2020-10-23
2020-10-31,Crawl,2019,https://boxd.it/1qYsZX,2,,,2020-10-30
2020-10-31,Munich,2005,https://boxd.it/1qZ0xD,3.5,,,2020-10-30
2020-11-06,Cronos,1993,https://boxd.it/1rBVH7,3.5,,,2020-11-05
2020-11-12,Duck Season,2004,https://boxd.it/1sdLhp,4,,,2020-11-11
2020-11-19,2501 Migrants: A Journey,2009,https://boxd.it/1sUxS3,,,,2020-11-18
2020-11-20,Kill Bill: Vol. 1,2003,https://boxd.it/1t20tP,5,Yes,,2020-11-19
2020-11-22,The Graduate,1967,https://boxd.it/1tbPOx,4.5,Yes,,2020-11-21
2020-11-24,Almost Famous,2000,https://boxd.it/1tsnxn,3.5,,,2020-11-23
2020-11-28,Hillbilly Elegy,2020,https://boxd.it/1tW1hH,3.5,,,2020-11-28
2020-11-29,Pink Floyd - The Dark Side of the Moon,2003,https://boxd.it/1u0BPj,,,,2020-11-28
2020-11-30,The Undoing,2020,https://boxd.it/1ub4qR,4,,,2020-11-29
2020-12-04,Wild Things,1998,https://boxd.it/1uA5rL,3.5,,,2020-12-03
2020-12-05,69: The Saga of Danny Hernandez,2020,https://boxd.it/1uI7uN,2.5,,,2020-12-05
2020-12-08,Euphoria: Trouble Don't Last Always,2020,https://boxd.it/1v2udv,3.5,,,2020-12-07
2020-12-08,Murder on Middle Beach,2020,https://boxd.it/1v6wID,4,,,2020-12-08
2020-12-12,Die Hard,1988,https://boxd.it/1vtpZt,4.5,Yes,,2020-12-11
2020-12-16,Tenet,2020,https://boxd.it/1vWWar,3.5,,,2020-12-15
2020-12-20,The Dead Don't Die,2019,https://boxd.it/1wmQh9,1,,,2020-12-19
2020-12-20,Mank,2020,https://boxd.it/1wofkp,3.5,,,2020-12-19
2020-12-30,The Good Liar,2019,https://boxd.it/1xVLdb,3.5,,,2020-12-29
2020-12-30,Portrait of a Lady on Fire,2019,https://boxd.it/1xVLCl,5,Yes,,2020-12-29
2021-01-01,Wonder Woman 1984,2020,https://boxd.it/1yfasN,1.5,,,2020-12-31
2021-01-02,Machete Kills,2013,https://boxd.it/1ymrBh,3.5,,,2021-01-01
2021-01-02,Underwater,2020,https://boxd.it/1ynQaH,2,,,2021-01-01
2021-01-02,Gone Girl,2014,https://boxd.it/1yqadl,4.5,,,2021-01-01
2021-01-02,Sound of Metal,2019,https://boxd.it/1ysMOX,3.5,,,2021-01-01
2021-01-04,Boy Interrupted,2009,https://boxd.it/1yRrl1,,,,2021-01-03
2021-01-06,The Queen's Gambit,2020,https://boxd.it/1zcWqj,3.5,,,2021-01-05
2021-01-06,The Lodge,2019,https://boxd.it/1zgwql,2,,,2021-01-06
2021-01-07,Snakes on a Plane,2006,https://boxd.it/1zoTDj,4,,,2021-01-07
2021-01-09,The Fisher King,1991,https://boxd.it/1zEbth,3,,,2021-01-08
2021-01-09,This Is the End,2013,https://boxd.it/1zFAvp,3.5,,,2021-01-09
2021-01-14,The Gentlemen,2019,https://boxd.it/1Aq491,2.5,,,2021-01-13
2021-01-14,Body of Deceit,2017,https://boxd.it/1ArEXt,2.5,,,2021-01-13
2021-01-16,Ready Player One,2018,https://boxd.it/1AIh79,3.5,,,2021-01-15
2021-01-16,The King of Staten Island,2020,https://boxd.it/1AKdOx,4,,,2021-01-15
2021-01-19,Chinatown,1974,https://boxd.it/1BeS4P,4,,,2021-01-18
2021-01-22,Meet the Fockers,2004,https://boxd.it/1BG3Ib,2.5,Yes,,2021-01-21
2021-01-22,Meet the Parents,2000,https://boxd.it/1BG3Qz,3.5,,,2021-01-21
2021-02-01,The Little Things,2021,https://boxd.it/1D39T5,1.5,,,2021-01-31
2021-02-06,Earwig and the Witch,2020,https://boxd.it/1DMdWH,2,,,2021-02-05
2021-02-08,The Night Of,2016,https://boxd.it/1E2G55,3.5,,,2021-02-07
2021-02-12,Terminator: Dark Fate,2019,https://boxd.it/1EBpBD,3,,,2021-02-11
2021-02-12,Aquaman,2018,https://boxd.it/1EEG7B,2.5,,,2021-02-11
2021-02-16,Judas and the Black Messiah,2021,https://boxd.it/1FiBiJ,4,,,2021-02-15
2021-02-19,Palm Springs,2020,https://boxd.it/1FGffL,4,,,2021-02-18
2021-02-22,Nomadland,2020,https://boxd.it/1G91DR,5,,,2021-02-21
2021-02-22,Arbitrage,2012,https://boxd.it/1Gc2w9,3.5,,,2021-02-21
2021-02-24,Soul,2020,https://boxd.it/1Gqyvv,4,,,2021-02-23
2021-03-02,Allen v. Farrow,2021,https://boxd.it/1Hc8V9,,,,2021-03-01
2021-03-04,Argo,2012,https://boxd.it/1HtGCp,4,Yes,,2021-03-03
2021-03-05,War Dogs,2016,https://boxd.it/1HChGJ,3,,,2021-03-05
2021-03-12,Mommy,2014,https://boxd.it/1IuMRV,4.5,,,2021-03-11
2021-03-15,Possessor,2020,https://boxd.it/1IVLEb,4.5,,,2021-03-14
2021-03-15,Allen v. Farrow,2021,https://boxd.it/1IZ9N3,,Yes,,2021-03-15
2021-03-15,Death Proof,2007,https://boxd.it/1IZa7x,4,,,2021-03-15
2021-03-19,Zack Snyder's Justice League,2021,https://boxd.it/1JrMaZ,3.5,,,2021-03-18
2021-03-24,WandaVision,2021,https://boxd.it/1Ka80F,0.5,,,2021-03-23
2021-03-24,The Falcon and the Winter Soldier,2021,https://boxd.it/1Ka8dp,0.5,,,2021-03-23
2021-03-25,Soul,2020,https://boxd.it/1KfWBV,4,Yes,,2021-03-24
2021-03-25,Another Round,2020,https://boxd.it/1Kk3Zj,4,,,2021-03-24
2021-04-01,Godzilla vs. Kong,2021,https://boxd.it/1Lhzjx,4,,,2021-03-31
2021-04-09,Gemini Man,2019,https://boxd.it/1MqPyZ,3.5,,,2021-04-08
2021-04-14,Bad Trip,2021,https://boxd.it/1NdWcz,3.5,,,2021-04-13
2021-04-16,Godzilla vs. Kong,2021,https://boxd.it/1Nuclp,3.5,Yes,,2021-04-15
2021-04-23,Mortal Kombat,2021,https://boxd.it/1OsY3D,1,,,2021-04-22
2021-04-27,The Mole Agent,2020,https://boxd.it/1P7FO3,4.5,,,2021-04-26
2021-04-30,Shoplifters,2018,https://boxd.it/1PsGkF,4,,,2021-04-29
2021-05-01,Saw VI,2009,https://boxd.it/1PDKdl,2,,,2021-05-01
2021-05-16,Once Upon a Time… in Hollywood,2019,https://boxd.it/1RB3qv,4.5,Yes,,2021-05-15
2021-05-17,Tenet,2020,https://boxd.it/1RKwo7,3.5,Yes,,2021-05-16
2021-05-23,Army of the Dead,2021,https://boxd.it/1SzIzj,3.5,,,2021-05-22
2021-05-25,Hot Rod,2007,https://boxd.it/1SSBR9,3.5,Yes,,2021-05-24
2021-05-27,The Skin I Live In,2011,https://boxd.it/1T54op,4,,,2021-05-26
2021-05-29,Shithouse,2020,https://boxd.it/1TjND3,4.5,,,2021-05-28
2021-05-30,The Raid,2011,https://boxd.it/1TveVP,4,Yes,,2021-05-29
2021-05-30,Prisoners,2013,https://boxd.it/1TwHmr,4,Yes,,2021-05-30
2021-05-31,Bo Burnham: Inside,2021,https://boxd.it/1TGEqF,3.5,,,2021-05-31
2021-06-04,When Harry Met Sally...,1989,https://boxd.it/1UdBUj,5,,,2021-06-04
2021-06-07,Flight,2012,https://boxd.it/1UF6tR,3.5,,,2021-06-07
2021-06-08,Assault on Precinct 13,1976,https://boxd.it/1UN2pR,3.5,,,2021-06-08
2021-06-16,From Dusk Till Dawn,1996,https://boxd.it/1VImOL,4,Yes,,2021-06-15
2021-06-20,Luca,2021,https://boxd.it/1Wfyf5,3,,,2021-06-19
2021-06-21,Adaptation.,2002,https://boxd.it/1WpIqd,3.5,,,2021-06-20
2021-06-28,F9,2021,https://boxd.it/1XclOz,3,,,2021-06-27
2021-06-29,The Mitchells vs. The Machines,2021,https://boxd.it/1XmGoR,3,,,2021-06-28
2021-06-29,Scanners,1981,https://boxd.it/1Xr7vX,3.5,,,2021-06-29
2021-06-30,Speed,1994,https://boxd.it/1XvQBf,3,,,2021-06-29
2021-07-02,No Sudden Move,2021,https://boxd.it/1XKLW3,3,,,2021-07-01
2021-07-05,Rambo,2008,https://boxd.it/1YhsoR,4,,,2021-07-05
2021-07-08,RoboCop,1987,https://boxd.it/1YGkNf,4,Yes,,2021-07-07
2021-07-10,Machete,2010,https://boxd.it/1YWWkx,3.5,,,2021-07-09
2021-07-12,Arrival,2016,https://boxd.it/1ZhIXH,4.5,Yes,,2021-07-11
2021-07-13,I Saw the Devil,2010,https://boxd.it/1Zrwv7,4.5,,,2021-07-12
2021-07-17,Bottle Rocket,1996,https://boxd.it/200SKN,3,,,2021-07-16
2021-07-20,Space Jam: A New Legacy,2021,https://boxd.it/20vR81,2.5,,,2021-07-19
2021-07-25,The Hurt Locker,2008,https://boxd.it/219Jcf,4.5,Yes,,2021-07-24
2021-07-28,Taken,2008,https://boxd.it/21FVzp,3.5,Yes,,2021-07-27
2021-08-01,The Green Knight,2021,https://boxd.it/22b7RH,5,,,2021-07-31
2021-08-02,One Hour Photo,2002,https://boxd.it/22nYpP,3,,,2021-08-01
2021-08-04,Slackers,2002,https://boxd.it/22IQgR,1,,,2021-08-04
2021-08-06,"Woodstock 99: Peace, Love, and Rage",2021,https://boxd.it/22Wj4r,2.5,,,2021-08-05
2021-08-06,The Suicide Squad,2021,https://boxd.it/22YOEp,3.5,,,2021-08-05
2021-08-09,Blackhat,2015,https://boxd.it/23sorz,2.5,,,2021-08-08
2021-08-11,Alien,1979,https://boxd.it/23KJb9,3.5,Yes,,2021-08-10
2021-08-19,Pleasantville,1998,https://boxd.it/24TL8N,3.5,,,2021-08-18
2021-08-20,Stoker,2013,https://boxd.it/252isd,4,,,2021-08-20
2021-08-29,Spider-Man: Far From Home,2019,https://boxd.it/26jWOB,3.5,,,2021-08-29
2021-09-05,Glass,2019,https://boxd.it/27iZ4X,3,,,2021-09-05
2021-09-06,Rolling Thunder,1977,https://boxd.it/27shh9,3.5,,,2021-09-05
2021-09-08,Mandy,2018,https://boxd.it/27Kabp,,,,2021-09-07
2021-09-13,Malignant,2021,https://boxd.it/28sDBJ,4,,,2021-09-12
2021-09-15,Widows,2018,https://boxd.it/28JgyB,3.5,Yes,,2021-09-15
2021-10-02,The Many Saints of Newark,2021,https://boxd.it/2aXeUh,3,,,2021-10-02
2021-10-07,Squid Game,2021,https://boxd.it/2bFBOf,,,,2021-10-06
2021-10-08,The Guilty,2021,https://boxd.it/2bQC0H,2.5,,,2021-10-07
2021-10-09,The Evil Dead,1981,https://boxd.it/2bZgi3,3.5,,,2021-10-08
2021-10-12,Dave Chappelle: The Closer,2021,https://boxd.it/2cvFRr,,,,2021-10-11
2021-10-16,Evil Dead II,1987,https://boxd.it/2d4ZKl,4,,,2021-10-15
2021-10-21,Halloween Kills,2021,https://boxd.it/2dOwcB,3,,,2021-10-15
2021-10-20,Titane,2021,https://boxd.it/2dJDop,3.5,,,2021-10-19
2021-10-23,Dune,2021,https://boxd.it/2e3sfB,4,,,2021-10-22
2021-10-27,Clickbait,2021,https://boxd.it/2eKmsb,2,,,2021-10-25
2021-10-27,Promising Young Woman,2020,https://boxd.it/2eQFv1,4,,,2021-10-26
2021-10-30,Lamb,2021,https://boxd.it/2fia6Z,2.5,,,2021-10-30
2021-11-06,The Invisible Man,2020,https://boxd.it/2gm6Nx,4.5,Yes,,2021-11-05
2021-11-12,The Harder They Fall,2021,https://boxd.it/2hgltz,3.5,,,2021-11-11
2021-11-14,Shang-Chi and the Legend of the Ten Rings,2021,https://boxd.it/2hAK6l,2.5,,,2021-11-13
2021-11-14,Fear and Loathing in Las Vegas,1998,https://boxd.it/2hKgZ1,3.5,Yes,,2021-11-14
2021-11-14,Good Time,2017,https://boxd.it/2hKhcp,4,Yes,,2021-11-14
2021-11-18,Zola,2020,https://boxd.it/2imGF3,2.5,,,2021-11-18
2021-11-19,The Death of Dick Long,2019,https://boxd.it/2iumPX,3.5,,,2021-11-18
2021-11-20,Butt Boy,2019,https://boxd.it/2iDM4h,3,,,2021-11-20
2021-11-21,Swallow,2019,https://boxd.it/2iNlqF,4,,,2021-11-20
2021-11-23,Green Room,2015,https://boxd.it/2j80tZ,4,Yes,,2021-11-23
2021-12-12,Killer Klowns from Outer Space,1988,https://boxd.it/2lW6l1,3.5,Yes,,2021-12-11
2021-12-18,Spider-Man: No Way Home,2021,https://boxd.it/2mTxxV,4,,,2021-12-17
2021-12-23,The Matrix Resurrections,2021,https://boxd.it/2nU989,3,,,2021-12-23
2021-12-26,Don't Look Up,2021,https://boxd.it/2oohl1,3.5,,,2021-12-25
2021-12-28,8½,1963,https://boxd.it/2p2MdR,4.5,,,2021-12-27
2021-12-29,Judas and the Black Messiah,2021,https://boxd.it/2pmlvf,3.5,Yes,,2021-12-28
2021-12-30,Climax,2018,https://boxd.it/2pwfSn,3,,,2021-12-29
2021-12-31,The Royal Tenenbaums,2001,https://boxd.it/2pTxzp,3.5,,,2021-12-30
2022-01-04,Eye in the Sky,2015,https://boxd.it/2qXMp7,2.5,,,2022-01-03
2022-01-04,Videodrome,1983,https://boxd.it/2qXMM1,4,,,2022-01-03
2022-01-06,The Lost Daughter,2021,https://boxd.it/2rDIYL,3.5,,,2022-01-06
2022-01-07,The Beach,2000,https://boxd.it/2rOvXH,2.5,,,2022-01-06
2022-01-08,Bloodsport,1988,https://boxd.it/2s5FeL,3.5,,,2022-01-07
2022-01-09,Juice WRLD: Into the Abyss,2021,https://boxd.it/2slYO1,2,,,2022-01-08
2022-01-15,The Tragedy of Macbeth,2021,https://boxd.it/2tNWpD,3,,,2022-01-14
2022-01-16,The Last Duel,2021,https://boxd.it/2udhaf,3.5,,,2022-01-16
2022-01-21,Jennifer's Body,2009,https://boxd.it/2vjSDT,3,,,2022-01-20
2022-01-22,Fight Club,1999,https://boxd.it/2vvTi7,4.5,Yes,,2022-01-21
2022-01-27,300,2006,https://boxd.it/2wzpFx,3.5,Yes,,2022-01-26
2022-01-29,Harry Potter and the Chamber of Secrets,2002,https://boxd.it/2wVTRx,3,Yes,,2022-01-28
2022-01-30,Nobody,2021,https://boxd.it/2xbMSZ,3,,,2022-01-30
2022-02-03,3:10 to Yuma,2007,https://boxd.it/2xO0ZL,4,,,2022-02-02
2022-02-03,Nightmare Alley,2021,https://boxd.it/2xSCgx,3.5,,,2022-02-02
2022-02-08,Sympathy for Mr. Vengeance,2002,https://boxd.it/2yQDE1,3,,,2022-02-07
2022-02-10,Thirteen,2003,https://boxd.it/2zcBm9,3.5,,,2022-02-09
2022-02-16,Perfect Blue,1997,https://boxd.it/2Aj4Sf,4,,,2022-02-15
2022-02-17,jeen-yuhs: A Kanye Trilogy,2022,https://boxd.it/2AtKbn,3,,,2022-02-16
2022-02-19,Kimi,2022,https://boxd.it/2AJdqL,2.5,,,2022-02-18
2022-02-20,Caché,2005,https://boxd.it/2AY4rb,4,,,2022-02-19
2022-02-20,Texas Chainsaw Massacre,2022,https://boxd.it/2B0I8R,1.5,,,2022-02-19
2022-02-22,Safe,1995,https://boxd.it/2BnvoN,4,,,2022-02-21
2022-02-28,jeen-yuhs: A Kanye Trilogy,2022,https://boxd.it/2Csai9,3.5,Yes,,2022-02-27
2022-03-03,The French Dispatch,2021,https://boxd.it/2CW8Zb,3.5,,,2022-03-02
2022-03-04,Battleship,2012,https://boxd.it/2D1Dv7,1.5,,,2022-03-03
2022-03-04,The Batman,2022,https://boxd.it/2D7Zax,4,,,2022-03-03
2022-03-06,jeen-yuhs: A Kanye Trilogy,2022,https://boxd.it/2DpPoF,4,Yes,,2022-03-05
2022-03-07,Paprika,2006,https://boxd.it/2DLD2B,4,,,2022-03-06
2022-03-08,Pusher,1996,https://boxd.it/2DZqch,4,,,2022-03-08
2022-03-10,The Rock,1996,https://boxd.it/2EjiXp,4,,,2022-03-09
2022-03-10,Pusher II,2004,https://boxd.it/2EjBND,4,,,2022-03-10
2022-03-11,Resident Evil,2002,https://boxd.it/2ErduD,2,,,2022-03-10
2022-03-12,Pacific Rim,2013,https://boxd.it/2ED4fX,2,,,2022-03-11
2022-03-12,A Scanner Darkly,2006,https://boxd.it/2EFgHj,2.5,,,2022-03-12
2022-03-13,The Tinder Swindler,2022,https://boxd.it/2EUoPF,2,,,2022-03-13
2022-03-16,Drive My Car,2021,https://boxd.it/2FuQTd,4,,,2022-03-16
2022-03-22,Berberian Sound Studio,2012,https://boxd.it/2Gvo35,2.5,,,2022-03-21
2022-03-22,Antlers,2021,https://boxd.it/2Gvojx,3,,,2022-03-21
2022-03-22,Pusher 3,2005,https://boxd.it/2GCHSP,4.5,,,2022-03-22
2022-03-23,Deep Water,2022,https://boxd.it/2GKCpT,2.5,,,2022-03-22
2022-03-24,Sorry to Bother You,2018,https://boxd.it/2GYNjZ,4,Yes,,2022-03-23
2022-03-31,Pig,2021,https://boxd.it/2Ib2jX,3.5,,,2022-03-30
2022-04-01,Trust No One: The Hunt for the Crypto King,2022,https://boxd.it/2IfJPP,3,,,2022-03-31
2022-04-01,Little Miss Sunshine,2006,https://boxd.it/2ImwGT,4,,,2022-03-31
2022-04-03,Unforgiven,1992,https://boxd.it/2IEh2v,3,,,2022-04-02
2022-04-04,V/H/S,2012,https://boxd.it/2IUoCd,2,,,2022-04-03
2022-04-04,The VelociPastor,2018,https://boxd.it/2IUUfv,1.5,,,2022-04-03
2022-04-05,Free Guy,2021,https://boxd.it/2J5OHl,1,,,2022-04-04
2022-04-07,The Purge,2013,https://boxd.it/2JoJcF,2.5,Yes,,2022-04-06
2022-04-07,Rubber,2010,https://boxd.it/2Jppvp,2,,,2022-04-06
2022-04-07,Unorthodox,2020,https://boxd.it/2Jqk3n,4,,,2022-04-06
2022-04-08,Hobo with a Shotgun,2011,https://boxd.it/2JBgRZ,3.5,,,2022-04-07
2022-04-09,The Greasy Strangler,2016,https://boxd.it/2JJTQ3,3,,,2022-04-08
2022-04-17,Everything Everywhere All at Once,2022,https://boxd.it/2Lebs3,4.5,,,2022-04-16
2022-04-18,The Call,2013,https://boxd.it/2LtTWB,2,,,2022-04-18
2022-04-20,The Fly,1986,https://boxd.it/2LPLZ7,4,,,2022-04-19
2022-04-22,Vampyros Lesbos,1971,https://boxd.it/2M49FN,3,,,2022-04-21
2022-04-22,The Northman,2022,https://boxd.it/2M9h2f,5,,,2022-04-21
2022-04-24,Moonshot,2022,https://boxd.it/2Mp3dv,2,,,2022-04-23
2022-04-26,A History of Violence,2005,https://boxd.it/2MTUst,3.5,,,2022-04-25
2022-04-30,Predestination,2014,https://boxd.it/2NxjaH,3.5,Yes,,2022-04-29
2022-05-03,Blade,1998,https://boxd.it/2O1yyT,3,,,2022-05-01
2022-05-03,Showgirls,1995,https://boxd.it/2O7qNj,4,,,2022-05-03
2022-05-04,Army of Darkness,1992,https://boxd.it/2OeT0z,4.5,,,2022-05-03
2022-05-06,Doctor Strange in the Multiverse of Madness,2022,https://boxd.it/2Ozkar,3.5,,,2022-05-05
2022-05-17,Our Father,2022,https://boxd.it/2QuDHd,3,,,2022-05-16
2022-06-02,Men,2022,https://boxd.it/2TqKJ5,4,,,2022-06-01
2022-06-06,Crimes of the Future,2022,https://boxd.it/2U6XfL,4,,,2022-06-05
2022-06-14,The Card Counter,2021,https://boxd.it/2VzDHx,4.5,,,2022-06-13
2022-06-16,Everything Everywhere All at Once,2022,https://boxd.it/2VVzvB,5,Yes,,2022-06-15
2022-06-20,No Time to Die,2021,https://boxd.it/2WImix,3.5,,,2022-06-20
2022-06-26,Black Bear,2020,https://boxd.it/2XJvnn,3.5,,,2022-06-25
2022-06-30,Old,2021,https://boxd.it/2YyTx9,3.5,,,2022-06-29
2022-07-02,Last Night in Soho,2021,https://boxd.it/2YSbRf,2,,,2022-07-01
2022-07-03,Roadrunner: A Film About Anthony Bourdain,2021,https://boxd.it/2Z6XdF,3.5,,,2022-07-03
2022-07-07,Zero Dark Thirty,2012,https://boxd.it/2ZSQuv,4,Yes,,2022-07-06
2022-07-08,Thor: Love and Thunder,2022,https://boxd.it/302zeb,3,,,2022-07-07
2022-07-08,RRR,2022,https://boxd.it/303xG5,4.5,,,2022-07-07
2022-07-11,Ocean's Eleven,2001,https://boxd.it/30GfXP,3.5,Yes,,2022-07-10
2022-07-12,Girl in the Picture,2022,https://boxd.it/30RXaJ,3.5,,,2022-07-11
2022-07-18,Primal Fear,1996,https://boxd.it/3280Nb,3.5,,,2022-07-17
2022-07-22,A Quiet Place Part II,2020,https://boxd.it/32Mbld,2,,,2022-07-21
2022-07-22,House of Gucci,2021,https://boxd.it/32PiC7,3,,,2022-07-21
2022-07-31,The Gray Man,2022,https://boxd.it/34UZ7p,0.5,,,2022-07-30
2022-08-08,Prey,2022,https://boxd.it/36NwAh,3.5,,,2022-08-07
2022-08-10,Nope,2022,https://boxd.it/37doIp,4.5,,,2022-08-09
2022-08-11,Hell or High Water,2016,https://boxd.it/37q50J,4.5,Yes,,2022-08-10
2022-08-12,Licorice Pizza,2021,https://boxd.it/37Cyf3,4.5,,,2022-08-11
2022-08-15,The Black Phone,2021,https://boxd.it/38fisj,3,,,2022-08-14
2022-08-19,Tower Heist,2011,https://boxd.it/394dQ3,3,Yes,,2022-08-19
2022-08-20,The Mist,2007,https://boxd.it/39h57F,3.5,,,2022-08-20
2022-08-21,Till Death,2021,https://boxd.it/39unzX,3,,,2022-08-21
2022-08-22,Creep,2014,https://boxd.it/39ICsb,3,,,2022-08-22
2022-08-23,Creep 2,2017,https://boxd.it/39TD7Z,3.5,,,2022-08-23
2022-08-24,Contagion,2011,https://boxd.it/39YlUz,3.5,Yes,,2022-08-23
2022-08-24,Elle,2016,https://boxd.it/3a6l4z,4,,,2022-08-24
2022-08-26,The House That Jack Built,2018,https://boxd.it/3apVYB,4,,,2022-08-26
2022-08-28,25th Hour,2002,https://boxd.it/3aFJXt,2,,,2022-08-27
2022-08-28,Horse Girl,2020,https://boxd.it/3aOA0F,4,,,2022-08-28
2022-08-30,Neon Genesis Evangelion,1995,https://boxd.it/3b9PjT,4,,,2022-08-29
2022-08-30,Neon Genesis Evangelion: The End of Evangelion,1997,https://boxd.it/3beyc7,4.5,,,2022-08-30
2022-08-31,Running with the Devil: The Wild World of John McAfee,2022,https://boxd.it/3bpFKH,3.5,,,2022-08-31
2022-09-01,Freaks,2018,https://boxd.it/3bza7p,3.5,,,2022-08-31
2022-09-09,X,2022,https://boxd.it/3cWc5F,3,,,2022-09-08
2022-09-18,Evangelion: 1.0 You Are (Not) Alone,2007,https://boxd.it/3eD67P,3.5,,,2022-09-17
2022-09-19,Sins of Our Mother,2022,https://boxd.it/3eSjr9,2.5,,,2022-09-18
2022-09-28,Dahmer – Monster: The Jeffrey Dahmer Story,2022,https://boxd.it/3gEXYd,3,,,2022-09-27
2022-09-30,Blonde,2022,https://boxd.it/3gZUYh,3,,,2022-09-29
2022-10-01,Windfall,2022,https://boxd.it/3h9bsF,2.5,,,2022-09-30
2022-10-01,Entergalactic,2022,https://boxd.it/3hc48p,4,,,2022-09-30
