Date,Name,Year,Letterboxd URI,Rating
2018-09-27,The Godfather: Part II,1974,https://boxd.it/2aNq,5
2018-09-27,The Godfather,1972,https://boxd.it/2aNK,4
2018-11-12,"Dance, Girl, Dance",1940,https://boxd.it/1hvG,1.5
2018-11-12,A Quiet Place,2018,https://boxd.it/fVJQ,2.5
2018-11-12,The Florida Project,2017,https://boxd.it/dMG0,4.5
2018-11-12,The Witch,2015,https://boxd.it/9X0m,4.5
2018-11-12,22 July,2018,https://boxd.it/h10E,4
2018-11-12,Run Lola Run,1998,https://boxd.it/2b8o,2.5
2018-11-12,The Disaster Artist,2017,https://boxd.it/cTqc,3.5
2018-11-12,Casablanca,1942,https://boxd.it/2aG0,3
2018-11-12,Singin' in the Rain,1952,https://boxd.it/29oY,3
2018-11-12,The Fundamentals of Caring,2016,https://boxd.it/aiai,2.5
2018-11-12,Do the Right Thing,1989,https://boxd.it/29gA,4
2018-11-12,Blue Jay,2016,https://boxd.it/enEq,4
2018-11-12,The Shape of Water,2017,https://boxd.it/dZ5m,4
2018-11-12,Citizen Kane,1941,https://boxd.it/71O,3.5
2018-11-12,Avengers: Infinity War,2018,https://boxd.it/9vEe,3
2018-11-12,Eternal Sunshine of the Spotless Mind,2004,https://boxd.it/6YK,5
2018-11-12,Interstellar,2014,https://boxd.it/4VZ8,5
2018-11-12,BlacKkKlansman,2018,https://boxd.it/hxL8,3
2018-11-12,The Game,1997,https://boxd.it/26vC,3.5
2018-11-12,Tusk,2014,https://boxd.it/7eoa,1.5
2018-11-12,A Serious Man,2009,https://boxd.it/1RFW,3.5
2018-11-12,L.A. Confidential,1997,https://boxd.it/27oC,3
2018-11-12,The Gift,2015,https://boxd.it/aJMy,3.5
2018-11-12,Going Clear: Scientology and the Prison of Belief,2015,https://boxd.it/ahPO,4.5
2018-11-12,Mission: Impossible - Fallout,2018,https://boxd.it/bSVc,3
2018-11-12,My Scientology Movie,2015,https://boxd.it/cedw,1.5
2018-11-12,Locke,2013,https://boxd.it/6hHC,3
2018-11-12,Enemy,2013,https://boxd.it/5xtO,3
2018-11-12,The Spectacular Now,2013,https://boxd.it/4VSG,4.5
2018-11-12,Blue Valentine,2010,https://boxd.it/MxG,5
2018-11-12,Super Dark Times,2017,https://boxd.it/dTle,3
2018-11-12,Maria Full of Grace,2004,https://boxd.it/2ao6,4
2018-11-12,Faces Places,2017,https://boxd.it/g7ck,3
2018-11-12,The Tale,2018,https://boxd.it/cOkI,4
2018-11-12,Calibre,2018,https://boxd.it/h0ru,2
2018-11-12,While We're Young,2014,https://boxd.it/7oOs,3
2018-11-12,Sicario: Day of the Soldado,2018,https://boxd.it/e4fG,2.5
2018-11-12,Magnolia,1999,https://boxd.it/2aze,3
2018-11-12,Face/Off,1997,https://boxd.it/29I0,1
2018-11-12,The Theory of Everything,2014,https://boxd.it/7YtA,3
2018-11-12,Before the Devil Knows You're Dead,2007,https://boxd.it/20Jy,4
2018-11-12,Deadpool 2,2018,https://boxd.it/dlLM,2.5
2018-11-12,The Greatest Showman,2017,https://boxd.it/acjI,2.5
2018-11-12,Easy A,2010,https://boxd.it/17DK,2
2018-11-12,Juno,2007,https://boxd.it/210a,4
2018-11-12,Take Your Pills,2018,https://boxd.it/i86w,0.5
2018-11-12,Boyhood,2014,https://boxd.it/3178,5
2018-11-12,6 Balloons,2018,https://boxd.it/i4yw,3
2018-11-12,Annihilation,2018,https://boxd.it/9yzm,3.5
2018-11-12,Taxi Driver,1976,https://boxd.it/2b8y,5
2018-11-12,Rear Window,1954,https://boxd.it/2a6Q,3.5
2018-11-12,Adventureland,2009,https://boxd.it/1JTQ,2.5
2018-11-12,Up in the Air,2009,https://boxd.it/1zPY,2.5
2018-11-12,"Crazy, Stupid, Love.",2011,https://boxd.it/D9A,2.5
2018-11-12,Forgetting Sarah Marshall,2008,https://boxd.it/1XEq,2.5
2018-11-12,Moon,2009,https://boxd.it/1IGQ,3
2018-11-12,"Three Billboards Outside Ebbing, Missouri",2017,https://boxd.it/ceBS,4
2018-11-12,The Men Who Stare at Goats,2009,https://boxd.it/1Wza,0.5
2018-11-12,Dr. Strangelove or: How I Learned to Stop Worrying and Love the Bomb,1964,https://boxd.it/29eY,5
2018-11-12,Heathers,1989,https://boxd.it/26x4,3
2018-11-12,Kajaki,2014,https://boxd.it/9Oh4,2.5
2018-11-12,Quiz Show,1994,https://boxd.it/1TPa,2
2018-11-12,Schindler's List,1993,https://boxd.it/2aq2,5
2018-11-12,Michael Clayton,2007,https://boxd.it/2466,3
2018-11-12,Marie Antoinette,2006,https://boxd.it/27Wa,2
2018-11-12,13 Assassins,2010,https://boxd.it/jqc,2.5
2018-11-12,Midnight in Paris,2011,https://boxd.it/i4a,4.5
2018-11-12,Gangs of New York,2002,https://boxd.it/25FG,2.5
2018-11-12,Lost in Translation,2003,https://boxd.it/2b0E,3.5
2018-11-12,Being John Malkovich,1999,https://boxd.it/2ahu,3.5
2018-11-12,A Ghost Story,2017,https://boxd.it/fb0K,4.5
2018-11-12,Star Wars: Episode III - Revenge of the Sith,2005,https://boxd.it/27US,2.5
2018-11-12,Star Wars: Episode II - Attack of the Clones,2002,https://boxd.it/27V2,2
2018-11-12,Star Wars: Episode I - The Phantom Menace,1999,https://boxd.it/27Vc,2.5
2018-11-12,127 Hours,2010,https://boxd.it/SLa,3.5
2018-11-12,Wreck-It Ralph,2012,https://boxd.it/2TTS,1
2018-11-12,Mudbound,2017,https://boxd.it/eCsu,2
2018-11-12,Milk,2008,https://boxd.it/1WZC,3
2018-11-12,The Stanford Prison Experiment,2015,https://boxd.it/9QQK,1.5
2018-11-12,Drive,2011,https://boxd.it/IG,4
2018-11-12,Welcome to Leith,2015,https://boxd.it/akl8,2.5
2018-11-12,City of God: 10 Years Later,2013,https://boxd.it/9yoo,1.5
2018-11-12,Hard Candy,2005,https://boxd.it/26vs,1.5
2018-11-12,Jaws,1975,https://boxd.it/2a5e,3
2018-11-12,Blade Runner 2049,2017,https://boxd.it/b8wK,5
2018-11-12,Gone Baby Gone,2007,https://boxd.it/23R6,2.5
2018-11-12,The Meyerowitz Stories (New and Selected),2017,https://boxd.it/dSp0,3.5
2018-11-12,Stranger Than Fiction,2006,https://boxd.it/28Za,2
2018-11-12,Train to Busan,2016,https://boxd.it/dSQU,2.5
2018-11-12,Amores Perros,2000,https://boxd.it/2bfu,2.5
2018-11-12,Half Nelson,2006,https://boxd.it/20Ng,5
2018-11-12,Raw,2016,https://boxd.it/dLd2,3
2018-11-12,Blade Runner,1982,https://boxd.it/2bcA,3.5
2018-11-12,A Clockwork Orange,1971,https://boxd.it/2aVE,4
2018-11-12,Gerald's Game,2017,https://boxd.it/buKa,3
2018-11-12,21,2008,https://boxd.it/20BO,1
2018-11-12,First They Killed My Father,2017,https://boxd.it/fmCK,2.5
2018-11-12,mother!,2017,https://boxd.it/dgRU,5
2018-11-12,Dead Poets Society,1989,https://boxd.it/2aSg,3.5
2018-11-12,American Sniper,2014,https://boxd.it/5LDy,3.5
2018-11-12,Blue Is the Warmest Color,2013,https://boxd.it/4O40,4
2018-11-12,It,2017,https://boxd.it/bC8e,3.5
2018-11-12,Christine,1983,https://boxd.it/1ZRQ,2
2018-11-12,Buster's Mal Heart,2016,https://boxd.it/cIAg,3
2018-11-12,Burn After Reading,2008,https://boxd.it/23BW,3
2018-11-12,The Imposter,2012,https://boxd.it/2Ya4,3.5
2018-11-12,Wind River,2017,https://boxd.it/dR3i,4
2018-11-12,Punch-Drunk Love,2002,https://boxd.it/20E4,3.5
2018-11-12,Annabelle: Creation,2017,https://boxd.it/dSxe,1.5
2018-11-12,The Third Man,1949,https://boxd.it/294E,3
2018-11-12,The Void,2016,https://boxd.it/d93S,0.5
2018-11-12,Take Me,2017,https://boxd.it/f5FC,2.5
2018-11-12,Icarus,2017,https://boxd.it/fmje,3
2018-11-12,Detroit,2017,https://boxd.it/el3C,3.5
2018-11-12,The Founder,2016,https://boxd.it/9XwM,2.5
2018-11-12,Colossal,2016,https://boxd.it/biZi,2
2018-11-12,Pi,1998,https://boxd.it/2ajq,3
2018-11-12,Happiness,1998,https://boxd.it/1VEe,4
2018-11-12,Dunkirk,2017,https://boxd.it/d0Y6,4
2018-11-12,Dawn of the Planet of the Apes,2014,https://boxd.it/3XyQ,2.5
2018-11-12,War for the Planet of the Apes,2017,https://boxd.it/8FE2,2
2018-11-12,The Big Sick,2017,https://boxd.it/eHvy,3.5
2018-11-12,Rise of the Planet of the Apes,2011,https://boxd.it/cS4,3
2018-11-12,Captain Fantastic,2016,https://boxd.it/b2K2,3
2018-11-12,Anomalisa,2015,https://boxd.it/97TE,4.5
2018-11-12,Blue Velvet,1986,https://boxd.it/29BI,4
2018-11-12,The Neon Demon,2016,https://boxd.it/9AnW,1.5
2018-11-12,Okja,2017,https://boxd.it/dvXe,3
2018-11-12,Pink Floyd: The Wall,1982,https://boxd.it/1Sxk,5
2018-11-12,Blazing Saddles,1974,https://boxd.it/1UHQ,3
2018-11-12,Ex Machina,2015,https://boxd.it/7T2k,3.5
2018-11-12,Frank,2014,https://boxd.it/5hII,3
2018-11-12,Baby Driver,2017,https://boxd.it/bhF2,4
2018-11-12,Glengarry Glen Ross,1992,https://boxd.it/1Yw8,4
2018-11-12,Coraline,2009,https://boxd.it/1NhQ,4
2018-11-12,Gomorrah,2008,https://boxd.it/1ZG4,3
2018-11-12,Wonder Woman,2017,https://boxd.it/9roG,1
2018-11-12,It Comes at Night,2017,https://boxd.it/eLuk,4.5
2018-11-12,Doctor Strange,2016,https://boxd.it/8MH8,3
2018-11-12,Clown,2014,https://boxd.it/3LJ8,1
2018-11-12,Baywatch,2017,https://boxd.it/biG6,1
2018-11-12,Black Snake Moan,2006,https://boxd.it/20KQ,2
2018-11-12,Babel,2006,https://boxd.it/292o,3.5
2018-11-12,Tropic Thunder,2008,https://boxd.it/20WM,3
2018-11-12,Alien: Covenant,2017,https://boxd.it/49UY,2.5
2018-11-12,Prometheus,2012,https://boxd.it/2s9e,2.5
2018-11-12,Barton Fink,1991,https://boxd.it/2aFQ,3
2018-11-12,Alien³,1992,https://boxd.it/20zS,1
2018-11-12,Aliens,1986,https://boxd.it/29PA,3
2018-11-12,Guardians of the Galaxy Vol. 2,2017,https://boxd.it/8MxC,2.5
2018-11-12,A Nightmare on Elm Street,1984,https://boxd.it/2aw0,1.5
2018-11-12,Y Tu Mamá También,2001,https://boxd.it/28QM,4
2018-11-12,The Panic in Needle Park,1971,https://boxd.it/1rwu,3
2018-11-12,The Fate of the Furious,2017,https://boxd.it/bbCw,1
2018-11-12,Kubo and the Two Strings,2016,https://boxd.it/a4wE,3.5
2018-11-12,Blow,2001,https://boxd.it/24Mm,1.5
2018-11-12,Saving Private Ryan,1998,https://boxd.it/29ro,4
2018-11-12,Get Out,2017,https://boxd.it/eOCm,4
2018-11-12,The Town,2010,https://boxd.it/1zyS,4
2018-11-12,Captain America: Civil War,2016,https://boxd.it/89Ja,2.5
2018-11-12,"Synecdoche, New York",2008,https://boxd.it/23zw,5
2018-11-12,Natural Born Killers,1994,https://boxd.it/2aNg,3.5
2018-11-12,Logan,2017,https://boxd.it/7Piy,3.5
2018-11-12,Hot Fuzz,2007,https://boxd.it/2416,3
2018-11-12,Unbreakable,2000,https://boxd.it/1XV2,2.5
2018-11-12,Split,2016,https://boxd.it/dgSy,3
2018-11-12,The Belko Experiment,2016,https://boxd.it/blCw,1.5
2018-11-12,Kong: Skull Island,2017,https://boxd.it/9ewM,2
2018-11-12,Hearts of Darkness: A Filmmaker's Apocalypse,1991,https://boxd.it/24ai,2.5
2018-11-12,Rushmore,1998,https://boxd.it/1TAO,2.5
2018-11-12,Sing Street,2016,https://boxd.it/cOo6,3
2018-11-12,Dallas Buyers Club,2013,https://boxd.it/4O8G,4
2018-11-12,Blood Diamond,2006,https://boxd.it/28Tm,2.5
2018-11-12,Patriots Day,2016,https://boxd.it/dyo2,3
2018-11-12,John Wick: Chapter 2,2017,https://boxd.it/ayGu,3
2018-11-12,Manchester by the Sea,2016,https://boxd.it/b2L0,4.5
2018-11-12,Lion,2016,https://boxd.it/b2La,3
2018-11-12,Rebel Without a Cause,1955,https://boxd.it/2aQu,2.5
2018-11-12,Silence,2016,https://boxd.it/2cAo,4
2018-11-12,Zodiac,2007,https://boxd.it/27MO,2
2018-11-12,Deliverance,1972,https://boxd.it/1VGk,3
2018-11-12,The Dark Knight,2008,https://boxd.it/2b0k,4.5
2018-11-12,The Lego Batman Movie,2017,https://boxd.it/azp0,3.5
2018-11-12,The Edge of Seventeen,2016,https://boxd.it/d5nu,3.5
2018-11-12,John Wick,2014,https://boxd.it/7dEc,3
2018-11-12,The Lego Movie,2014,https://boxd.it/4pDO,3
2018-11-12,The Nice Guys,2016,https://boxd.it/94Hg,3
2018-11-12,Black Swan,2010,https://boxd.it/Sw0,4.5
2018-11-12,Inside Out,2015,https://boxd.it/4KHC,3
2018-11-12,Gold,2016,https://boxd.it/b2IK,0.5
2018-11-12,Hostel,2005,https://boxd.it/28ig,2
2018-11-12,Hostel: Part II,2007,https://boxd.it/28i6,2.5
2018-11-12,Following,1998,https://boxd.it/1Tj4,3
2018-11-12,Heat,1995,https://boxd.it/2bg8,3
2018-11-12,It Follows,2014,https://boxd.it/87wo,3
2018-11-12,The Big Lebowski,1998,https://boxd.it/2b6C,4
2018-11-12,Sausage Party,2016,https://boxd.it/6CCe,3.5
2018-11-12,Why Him?,2016,https://boxd.it/c3Wq,3
2018-11-12,Nocturnal Animals,2016,https://boxd.it/bkFu,2.5
2018-11-12,Rogue One: A Star Wars Story,2016,https://boxd.it/aPvy,3
2018-11-12,John Dies at the End,2012,https://boxd.it/2BSW,2
2018-11-12,Chasing Amy,1997,https://boxd.it/274W,1.5
2018-11-12,Dazed and Confused,1993,https://boxd.it/1Ylk,3
2018-11-12,Inception,2010,https://boxd.it/1skk,4.5
2018-11-12,The Perks of Being a Wallflower,2012,https://boxd.it/2ZA8,4
2018-11-12,Moonlight,2016,https://boxd.it/d6bE,5
2018-11-12,Jackie Brown,1997,https://boxd.it/2aVO,3
2018-11-12,Arrival,2016,https://boxd.it/aNGk,4.5
2018-11-12,The Prestige,2006,https://boxd.it/293w,3.5
2018-11-12,Hacksaw Ridge,2016,https://boxd.it/azew,3.5
2018-11-12,A Beautiful Mind,2001,https://boxd.it/2amk,3.5
2018-11-12,The Imitation Game,2014,https://boxd.it/6aig,3.5
2018-11-12,The Devil's Rejects,2005,https://boxd.it/28hC,1
2018-11-12,The Place Beyond the Pines,2012,https://boxd.it/3mDu,4
2018-11-12,Children of Men,2006,https://boxd.it/1Y2i,3.5
2018-11-12,Steve Jobs,2015,https://boxd.it/araG,3
2018-11-12,The Breakfast Club,1985,https://boxd.it/27q4,3.5
2018-11-12,Fast & Furious 6,2013,https://boxd.it/2UG6,3
2018-11-12,Se7en,1995,https://boxd.it/29zs,3.5
2018-11-12,Her,2013,https://boxd.it/4O24,4.5
2018-11-12,50/50,2011,https://boxd.it/10Tw,4
2018-11-12,The Night Before,2015,https://boxd.it/9n9W,3
2018-11-12,Fast Five,2011,https://boxd.it/BgO,3
2018-11-12,Primer,2004,https://boxd.it/6YA,3.5
2018-11-12,Boyz n the Hood,1991,https://boxd.it/29Ug,3
2018-11-12,Fast & Furious,2009,https://boxd.it/1Pnm,1.5
2018-11-12,Moonrise Kingdom,2012,https://boxd.it/2Wng,4
2018-11-12,Frida,2002,https://boxd.it/28Vi,3
2018-11-12,Amélie,2001,https://boxd.it/2aUc,4
2018-11-12,The Fast and the Furious: Tokyo Drift,2006,https://boxd.it/1Yeo,2
2018-11-12,2 Fast 2 Furious,2003,https://boxd.it/2a4g,1
2018-11-12,Running Scared,2006,https://boxd.it/210E,1.5
2018-11-12,Insomnia,2002,https://boxd.it/2aB0,3
2018-11-12,The Fast and the Furious,2001,https://boxd.it/1XMu,2
2018-11-12,Jobs,2013,https://boxd.it/3RcY,2
2018-11-12,Erin Brockovich,2000,https://boxd.it/2al2,3.5
2018-11-12,Cape Fear,1991,https://boxd.it/28vu,3
2018-11-12,The Wolfpack,2015,https://boxd.it/9QPM,2
2018-11-12,In Bruges,2008,https://boxd.it/20n8,3.5
2018-11-12,Filth,2013,https://boxd.it/32NY,3
2018-11-12,Jason Bourne,2016,https://boxd.it/ayYy,3
2018-11-12,The Fugitive,1993,https://boxd.it/230G,3
2018-11-12,The Usual Suspects,1995,https://boxd.it/29XE,3
2018-11-12,Fargo,1996,https://boxd.it/2aHM,5
2018-11-12,Finding Dory,2016,https://boxd.it/4aAA,3.5
2018-11-12,The Giver,2014,https://boxd.it/6HWo,1
2018-11-12,Rob the Mob,2014,https://boxd.it/7ans,1.5
2018-11-12,The Pursuit of Happyness,2006,https://boxd.it/28PE,3.5
2018-11-12,Traffic,2000,https://boxd.it/27Ue,3
2018-11-12,Broadcast News,1987,https://boxd.it/1RxS,2.5
2018-11-12,Look Who's Back,2015,https://boxd.it/akeQ,1.5
2018-11-12,The Girl with the Dragon Tattoo,2009,https://boxd.it/1Mb8,3
2018-11-12,Wet Hot American Summer,2001,https://boxd.it/27hw,3
2018-11-12,Premature,2014,https://boxd.it/7qNQ,0.5
2018-11-12,Moonwalkers,2015,https://boxd.it/8ehA,3
2018-11-12,Hostage,2005,https://boxd.it/27Bc,1
2018-11-12,Project X,2012,https://boxd.it/neO,3
2018-11-12,Kid Cannabis,2014,https://boxd.it/6kDS,2.5
2018-11-12,Bronson,2008,https://boxd.it/1GM8,1.5
2018-11-12,Mac & Devin Go to High School,2012,https://boxd.it/3z2m,1.5
2018-11-12,Ali G Indahouse,2002,https://boxd.it/1Z24,2.5
2018-11-12,Into the Wild,2007,https://boxd.it/22m2,3
2018-11-12,Four Brothers,2005,https://boxd.it/20o6,2.5
2018-11-12,Charlie Countryman,2013,https://boxd.it/YYE,2.5
2018-11-12,Spy Game,2001,https://boxd.it/28Fk,1.5
2018-11-12,Elite Squad: The Enemy Within,2010,https://boxd.it/Jx4,3
2018-11-12,Signs,2002,https://boxd.it/26t2,2
2018-11-12,The Jungle Book,2016,https://boxd.it/8wjk,3.5
2018-11-12,The Bank Job,2008,https://boxd.it/1ZL4,3
2018-11-12,Inside Man,2006,https://boxd.it/2auS,2.5
2018-11-12,Boogie Nights,1997,https://boxd.it/23um,4
2018-11-12,Cruel Intentions,1999,https://boxd.it/29Be,2.5
2018-11-12,Straight Outta Compton,2015,https://boxd.it/8rMc,3.5
2018-11-12,Goon,2011,https://boxd.it/2B6o,1.5
2018-11-12,American Mary,2012,https://boxd.it/48WY,2.5
2018-11-12,Eyes Wide Shut,1999,https://boxd.it/2axs,3
2018-11-12,Kingsman: The Secret Service,2014,https://boxd.it/6dxe,3
2018-11-12,Casino,1995,https://boxd.it/2ads,4
2018-11-12,Mission: Impossible - Rogue Nation,2015,https://boxd.it/5rI4,2.5
2018-11-12,The Revenant,2015,https://boxd.it/8H5e,4
2018-11-12,Deadpool,2016,https://boxd.it/9fOC,3
2018-11-12,The Raid 2,2014,https://boxd.it/5uz0,4.5
2018-11-12,Killing Them Softly,2012,https://boxd.it/IQ,2.5
2018-11-12,Dirty Harry,1971,https://boxd.it/299E,3.5
2018-11-12,Sinister 2,2015,https://boxd.it/8L58,0.5
2018-11-12,Battle Royale,2000,https://boxd.it/25zS,3
2018-11-12,Private Life,2018,https://boxd.it/gn9Q,3.5
2018-11-12,The Big Short,2015,https://boxd.it/ajZw,3.5
2018-11-12,Trainspotting,1996,https://boxd.it/29XY,4.5
2018-11-12,2001: A Space Odyssey,1968,https://boxd.it/2bf0,5
2018-11-12,Dope,2015,https://boxd.it/9Tho,3.5
2018-11-12,Full Metal Jacket,1987,https://boxd.it/2a1Q,3.5
2018-11-12,Spectre,2015,https://boxd.it/6bXY,3
2018-11-12,Ip Man 2,2010,https://boxd.it/18gs,3
2018-11-12,Three Kings,1999,https://boxd.it/21IG,3
2018-11-12,Happy Gilmore,1996,https://boxd.it/1Yey,1.5
2018-11-12,Swordfish,2001,https://boxd.it/1Y0m,1.5
2018-11-12,Zoolander 2,2016,https://boxd.it/aNBE,1
2018-11-12,Kung Fury,2015,https://boxd.it/7mSM,3.5
2018-11-12,Lord of War,2005,https://boxd.it/284y,3
2018-11-12,Sin City,2005,https://boxd.it/2aVk,3
2018-11-12,Ip Man,2008,https://boxd.it/1NrQ,3
2018-11-12,Enter the Void,2009,https://boxd.it/1dy2,3
2018-11-12,Saw,2004,https://boxd.it/2aWW,3
2018-11-12,Big Fish,2003,https://boxd.it/2a3M,1.5
2018-11-12,Hoodwinked!,2005,https://boxd.it/1UVS,1
2018-11-12,The Machinist,2004,https://boxd.it/248c,3
2018-11-12,Limitless,2011,https://boxd.it/Aly,3
2018-11-12,Lawless,2012,https://boxd.it/2TIK,3
2018-11-12,Turbo Kid,2015,https://boxd.it/9X0c,3
2018-11-12,The Devil's Advocate,1997,https://boxd.it/286k,3
2018-11-12,The Warriors,1979,https://boxd.it/1TLC,3.5
2018-11-12,Ace Ventura: When Nature Calls,1995,https://boxd.it/1Z66,1.5
2018-11-12,Star Wars,1977,https://boxd.it/72s,4
2018-11-12,Superbad,2007,https://boxd.it/20hO,4
2018-11-12,Taken 2,2012,https://boxd.it/2TWi,2
2018-11-12,Taken,2008,https://boxd.it/1ZXa,3.5
2018-11-12,Room,2015,https://boxd.it/7T0y,4.5
2018-11-12,The Martian,2015,https://boxd.it/8SeG,3.5
2018-11-12,Ace Ventura: Pet Detective,1994,https://boxd.it/25RW,3
2018-11-12,Sicario,2015,https://boxd.it/8i7u,4
2018-11-12,Seven Pounds,2008,https://boxd.it/1U8w,3
2018-11-12,Four Rooms,1995,https://boxd.it/73g,2
2018-11-12,"McFarland, USA",2015,https://boxd.it/6JCq,3
2018-11-12,Star Wars: The Force Awakens,2015,https://boxd.it/4vru,3.5
2018-11-12,Team America: World Police,2004,https://boxd.it/24QS,3
2018-11-12,Memento,2000,https://boxd.it/2bcK,4.5
2018-11-12,American Beauty,1999,https://boxd.it/71Y,5
2018-11-12,Super Size Me,2004,https://boxd.it/1YQC,3
2018-11-12,Star Trek Into Darkness,2013,https://boxd.it/uYE,3
2018-11-12,"Dude, Where's My Car?",2000,https://boxd.it/1ZJi,3
2018-11-12,Jackass: The Movie,2002,https://boxd.it/1Zo0,3
2018-11-12,Mulholland Drive,2001,https://boxd.it/297o,4.5
2018-11-12,The Interview,2014,https://boxd.it/6KQ4,3
2018-11-12,Scream,1996,https://boxd.it/24EC,3
2018-11-12,"O Brother, Where Art Thou?",2000,https://boxd.it/2b3I,1
2018-11-12,Beasts of No Nation,2015,https://boxd.it/8Lp8,4
2018-11-12,Chef,2014,https://boxd.it/6lCG,3.5
2018-11-12,United 93,2006,https://boxd.it/1XHY,3.5
2018-11-12,Million Dollar Baby,2004,https://boxd.it/2bdI,3.5
2018-11-12,The Blair Witch Project,1999,https://boxd.it/26ua,3
2018-11-12,First Blood,1982,https://boxd.it/28U0,3.5
2018-11-12,What's Eating Gilbert Grape,1993,https://boxd.it/28xg,4.5
2018-11-12,Romeo + Juliet,1996,https://boxd.it/2ama,1.5
2018-11-12,City of God,2002,https://boxd.it/2a2a,5
2018-11-12,Neighbors,2014,https://boxd.it/5Txe,3
2018-11-12,American History X,1998,https://boxd.it/2bdo,4
2018-11-12,The Iceman,2012,https://boxd.it/2co8,3
2018-11-12,Oldboy,2003,https://boxd.it/29R2,3.5
2018-11-12,Mr. Nobody,2009,https://boxd.it/1k44,4
2018-11-12,Mean Creek,2004,https://boxd.it/1S7c,3
2018-11-12,Zoolander,2001,https://boxd.it/1YMA,1
2018-11-12,Reservoir Dogs,1992,https://boxd.it/2agc,4.5
2018-11-12,Braveheart,1995,https://boxd.it/2aTI,4
2018-11-12,Super 8,2011,https://boxd.it/dVI,3
2018-11-12,Gattaca,1997,https://boxd.it/29Du,3
2018-11-12,Remember the Titans,2000,https://boxd.it/1VLk,3.5
2018-11-12,Tangled,2010,https://boxd.it/15gO,3
2018-11-12,Madagascar,2005,https://boxd.it/29dc,3.5
2018-11-12,Requiem for a Dream,2000,https://boxd.it/29VI,4.5
2018-11-12,Raging Bull,1980,https://boxd.it/28yI,4
2018-11-12,V for Vendetta,2005,https://boxd.it/29Ik,3.5
2018-11-12,The Blind Side,2009,https://boxd.it/1zWg,3.5
2018-11-12,Ender's Game,2013,https://boxd.it/2N9Y,2
2018-11-12,Edward Scissorhands,1990,https://boxd.it/2aZc,3.5
2018-11-12,Monsters University,2013,https://boxd.it/bQm,3
2018-11-12,Men in Black 3,2012,https://boxd.it/103U,2
2018-11-12,Shrek,2001,https://boxd.it/29zi,3.5
2018-11-12,Cars,2006,https://boxd.it/29ho,3
2018-11-12,Toy Story,1995,https://boxd.it/29qA,3.5
2018-11-12,Toy Story 2,1999,https://boxd.it/29qq,3
2018-11-12,Toy Story 3,2010,https://boxd.it/1WRe,3.5
2018-11-12,Warm Bodies,2013,https://boxd.it/2TFm,1
2018-11-12,Training Day,2001,https://boxd.it/27A4,4
2018-11-12,The Truman Show,1998,https://boxd.it/18U8,3
2018-11-12,The Departed,2006,https://boxd.it/28MA,4.5
2018-11-12,Mad Max: Fury Road,2015,https://boxd.it/2DjO,4
2018-11-12,Saw V,2008,https://boxd.it/1SMa,2
2018-11-12,42,2013,https://boxd.it/3GBo,3
2018-11-12,House at the End of the Street,2012,https://boxd.it/2Tog,1
2018-11-12,Casino Royale,2006,https://boxd.it/1alk,3.5
2018-11-12,Skyfall,2012,https://boxd.it/17Fc,3.5
2018-11-12,30 Minutes or Less,2011,https://boxd.it/bRa,3
2018-11-12,Beetlejuice,1988,https://boxd.it/24QI,3
2018-11-12,Vanilla Sky,2001,https://boxd.it/27TK,3
2018-11-12,Mission: Impossible III,2006,https://boxd.it/29cI,3
2018-11-12,Valkyrie,2008,https://boxd.it/275g,3.5
2018-11-12,Mission: Impossible,1996,https://boxd.it/29d2,3
2018-11-12,Mission: Impossible - Ghost Protocol,2011,https://boxd.it/psI,3.5
2018-11-12,White House Down,2013,https://boxd.it/3TOg,2
2018-11-12,Quantum of Solace,2008,https://boxd.it/1Vs8,3
2018-11-12,Source Code,2011,https://boxd.it/fdo,1.5
2018-11-12,Gravity,2013,https://boxd.it/GZY,4
2018-11-12,Saw IV,2007,https://boxd.it/29Sa,2
2018-11-12,The Incredibles,2004,https://boxd.it/1XLm,4
2018-11-12,Men in Black,1997,https://boxd.it/2a0I,2.5
2018-11-12,Ratatouille,2007,https://boxd.it/27ww,3
2018-11-12,Despicable Me,2010,https://boxd.it/1DD8,3.5
2018-11-12,Despicable Me 2,2013,https://boxd.it/3gg0,3
2018-11-12,The Dictator,2012,https://boxd.it/2DEW,2.5
2018-11-12,Black Hawk Down,2001,https://boxd.it/29rI,3
2018-11-12,District 9,2009,https://boxd.it/1Iik,3.5
2018-11-12,Lone Survivor,2013,https://boxd.it/5Qj4,3
2018-11-12,Saw II,2005,https://boxd.it/2aRs,3
2018-11-12,Saw III,2006,https://boxd.it/2aRC,2
2018-11-12,The Terminator,1984,https://boxd.it/2aQY,3.5
2018-11-12,Slumdog Millionaire,2008,https://boxd.it/1S3E,4
2018-11-12,Ted 2,2015,https://boxd.it/6oCY,2
2018-11-12,Ted,2012,https://boxd.it/2pgc,3
2018-11-12,Léon: The Professional,1994,https://boxd.it/2b8S,4.5
2018-11-12,Borat: Cultural Learnings of America for Make Benefit Glorious Nation of Kazakhstan,2006,https://boxd.it/2agQ,4
2018-11-12,Hancock,2008,https://boxd.it/1Zv6,1.5
2018-11-12,8 Mile,2002,https://boxd.it/2bew,3.5
2018-11-12,Django Unchained,2012,https://boxd.it/2cCk,4.5
2018-11-12,Scarface,1983,https://boxd.it/2b7g,5
2018-11-12,No Country for Old Men,2007,https://boxd.it/21ew,4.5
2018-11-12,The Great Gatsby,2013,https://boxd.it/JY,3.5
2018-11-12,Transformers: Revenge of the Fallen,2009,https://boxd.it/20gG,0.5
2018-11-12,The Goonies,1985,https://boxd.it/1YVC,1.5
2018-11-12,Anchorman 2: The Legend Continues,2013,https://boxd.it/3GNk,2.5
2018-11-12,Wedding Crashers,2005,https://boxd.it/1Yte,3
2018-11-12,Step Brothers,2008,https://boxd.it/1SsE,3
2018-11-12,I Am Legend,2007,https://boxd.it/21DG,3
2018-11-12,Kill Bill: Vol. 2,2004,https://boxd.it/2au4,3.5
2018-11-12,Birdman or (The Unexpected Virtue of Ignorance),2014,https://boxd.it/5RFA,4.5
2018-11-12,Indiana Jones and the Temple of Doom,1984,https://boxd.it/2bb8,3
2018-11-12,The Den,2013,https://boxd.it/7bvW,1.5
2018-11-12,We Were Soldiers,2002,https://boxd.it/1VSA,3
2018-11-12,Cast Away,2000,https://boxd.it/20i8,3.5
2018-11-12,The Italian Job,2003,https://boxd.it/1Y86,3
2018-11-12,Talladega Nights: The Ballad of Ricky Bobby,2006,https://boxd.it/1XYq,1.5
2018-11-12,Shooter,2007,https://boxd.it/20TS,2
2018-11-12,Anchorman: The Legend of Ron Burgundy,2004,https://boxd.it/1ZVo,3
2018-11-12,Frozen,2013,https://boxd.it/3GNa,3.5
2018-11-12,Transformers: Age of Extinction,2014,https://boxd.it/3d1m,0.5
2018-11-12,Transformers: Dark of the Moon,2011,https://boxd.it/16aC,1
2018-11-12,Transformers,2007,https://boxd.it/280c,1
2018-11-12,Hoodwinked Too! Hood VS. Evil,2011,https://boxd.it/nxc,0.5
2018-11-12,Harry Potter and the Deathly Hallows: Part 2,2011,https://boxd.it/1RYk,3
2018-11-12,How to Train Your Dragon,2010,https://boxd.it/1WRy,1.5
2018-11-12,Monty Python and the Holy Grail,1975,https://boxd.it/29GI,3
2018-11-12,WALL·E,2008,https://boxd.it/1VEo,3.5
2018-11-12,The Empire Strikes Back,1980,https://boxd.it/27Vw,3.5
2018-11-12,The Bourne Legacy,2012,https://boxd.it/H16,2
2018-11-12,Captain America: The Winter Soldier,2014,https://boxd.it/3r58,2.5
2018-11-12,Pitch Perfect,2012,https://boxd.it/3OsE,2.5
2018-11-12,The Bourne Identity,2002,https://boxd.it/26EO,3
2018-11-12,Captain America: The First Avenger,2011,https://boxd.it/28b0,1.5
2018-11-12,Ferris Bueller's Day Off,1986,https://boxd.it/1YPY,2.5
2018-11-12,Sinister,2012,https://boxd.it/2TnW,2
2018-11-12,The Conjuring,2013,https://boxd.it/4sr2,3.5
2018-11-12,Iron Man 3,2013,https://boxd.it/2cBQ,0.5
2018-11-12,"Monsters, Inc.",2001,https://boxd.it/2a46,3.5
2018-11-12,Elysium,2013,https://boxd.it/2cBm,3
2018-11-12,The Hunger Games,2012,https://boxd.it/2uds,2.5
2018-11-12,Raiders of the Lost Ark,1981,https://boxd.it/2bbs,3.5
2018-11-12,Back to the Future Part II,1989,https://boxd.it/2aYI,3
2018-11-12,Jurassic World,2015,https://boxd.it/4n0g,2
2018-11-12,The Babadook,2014,https://boxd.it/77xu,3
2018-11-12,Looper,2012,https://boxd.it/ham,3.5
2018-11-12,21 Jump Street,2012,https://boxd.it/J0,3.5
2018-11-12,Need for Speed,2014,https://boxd.it/4p90,0.5
2018-11-13,Now You See Me,2013,https://boxd.it/2Bsu,1.5
2018-11-13,22 Jump Street,2014,https://boxd.it/5Fvy,3
2018-11-13,American Hustle,2013,https://boxd.it/5dz8,3.5
2018-11-13,American Psycho,2000,https://boxd.it/28Vs,4
2018-11-13,World War Z,2013,https://boxd.it/2p2E,3
2018-11-13,The Hunger Games: Catching Fire,2013,https://boxd.it/3sAw,3
2018-11-13,The Hunger Games: Mockingjay - Part 1,2014,https://boxd.it/4hka,2
2018-11-13,Finding Nemo,2003,https://boxd.it/72i,4
2018-11-13,Good Will Hunting,1997,https://boxd.it/2ahY,4
2018-11-13,Up,2009,https://boxd.it/1OEc,3.5
2018-11-13,Indiana Jones and the Last Crusade,1989,https://boxd.it/2baO,2.5
2018-11-13,Iron Man 2,2010,https://boxd.it/1WZM,2
2018-11-13,Silver Linings Playbook,2012,https://boxd.it/2TTo,3.5
2018-11-13,Insidious: Chapter 2,2013,https://boxd.it/3dqc,2
2018-11-13,The Bourne Supremacy,2004,https://boxd.it/26EE,3
2018-11-13,Insidious,2010,https://boxd.it/H4k,3
2018-11-13,Unbroken,2014,https://boxd.it/6IaA,2
2018-11-13,Titanic,1997,https://boxd.it/2a2k,4.5
2018-11-13,Die Hard: With a Vengeance,1995,https://boxd.it/28zG,1.5
2018-11-13,Die Hard 2,1990,https://boxd.it/28zw,3
2018-11-13,Iron Man,2008,https://boxd.it/28dA,3
2018-11-13,The Lord of the Rings: The Return of the King,2003,https://boxd.it/2b5u,3.5
2018-11-13,The Aviator,2004,https://boxd.it/26BU,3.5
2018-11-13,Son of the Mask,2005,https://boxd.it/1WNQ,0.5
2018-11-13,Rocky,1976,https://boxd.it/28Uk,3.5
2018-11-13,Groundhog Day,1993,https://boxd.it/2b3e,2.5
2018-11-13,Guardians of the Galaxy,2014,https://boxd.it/3VH2,3.5
2018-11-13,The Avengers,2012,https://boxd.it/1xFW,3
2018-11-13,Avengers: Age of Ultron,2015,https://boxd.it/3qi6,2.5
2018-11-13,Donnie Darko,2001,https://boxd.it/2b2A,4
2018-11-13,The Bourne Ultimatum,2007,https://boxd.it/26Eu,3.5
2018-11-13,The Sixth Sense,1999,https://boxd.it/29Js,4
2018-11-13,Gran Torino,2008,https://boxd.it/1Qzy,3.5
2018-11-13,Die Hard,1988,https://boxd.it/2a7u,4.5
2018-11-13,The Social Network,2010,https://boxd.it/17ue,4
2018-11-13,Whiplash,2013,https://boxd.it/cJds,4.5
2018-11-13,GoodFellas,1990,https://boxd.it/29FA,5
2018-11-13,Rain Man,1988,https://boxd.it/2avw,2.5
2018-11-13,Nightcrawler,2014,https://boxd.it/780m,4
2018-11-13,Argo,2012,https://boxd.it/2czU,4
2018-11-13,Back to the Future,1985,https://boxd.it/2b8e,3
2018-11-13,Batman Begins,2005,https://boxd.it/2aIg,3
2018-11-13,The Wolf of Wall Street,2013,https://boxd.it/3C1m,5
2018-11-13,The Shining,1980,https://boxd.it/29Nu,4
2018-11-13,The Dark Knight Rises,2012,https://boxd.it/H3m,3.5
2018-11-13,The Shawshank Redemption,1994,https://boxd.it/2aHi,4.5
2018-11-13,Gladiator,2000,https://boxd.it/2b9m,4.5
2018-11-13,The Matrix,1999,https://boxd.it/2a1m,4
2018-11-13,Forrest Gump,1994,https://boxd.it/728,4
2018-11-13,Pulp Fiction,1994,https://boxd.it/29Pq,5
2018-11-13,The Silence of the Lambs,1991,https://boxd.it/2aHW,4
2018-11-13,Fight Club,1999,https://boxd.it/2a9q,4.5
2018-11-13,The Post,2017,https://boxd.it/fTeG,3
2018-11-13,There Will Be Blood,2007,https://boxd.it/20Z2,4.5
2018-11-13,Spotlight,2015,https://boxd.it/a84k,4.5
2018-11-14,The Hole,1998,https://boxd.it/LDo,2
2018-11-15,Before Midnight,2013,https://boxd.it/4ive,4
2018-11-15,Before Sunrise,1995,https://boxd.it/2bcU,4
2018-11-15,Before Sunset,2004,https://boxd.it/2bcg,4
2018-11-20,American Honey,2016,https://boxd.it/bk7C,5
2018-11-24,Dirty Dancing,1987,https://boxd.it/2baY,3.5
2018-11-25,Hereditary,2018,https://boxd.it/hNVe,4
2018-11-25,Alien,1979,https://boxd.it/2awY,3.5
2018-11-28,Junction 48,2016,https://boxd.it/dkfK,3.5
2018-11-30,Waltz with Bashir,2008,https://boxd.it/1ZFA,3.5
2018-12-03,Apocalypse Now,1979,https://boxd.it/6ZS,5
2018-12-04,The Kindergarten Teacher,2018,https://boxd.it/hE3i,3
2018-12-05,The Grand Budapest Hotel,2014,https://boxd.it/3ZqO,4
2018-12-11,The Lobster,2015,https://boxd.it/7tnw,3
2018-12-12,You Were Never Really Here,2017,https://boxd.it/dWOS,3
2018-12-12,Logan Lucky,2017,https://boxd.it/dZrs,3.5
2018-12-13,Inside Llewyn Davis,2013,https://boxd.it/34Ro,4.5
2018-12-14,Crash,2004,https://boxd.it/28q0,3.5
2018-12-15,Roma,2018,https://boxd.it/f69M,5
2018-12-24,Kill the Messenger,2014,https://boxd.it/7dFO,2
2019-01-05,Pan's Labyrinth,2006,https://boxd.it/28No,4
2019-01-06,Black Mirror: Bandersnatch,2018,https://boxd.it/kTDG,4
2019-01-08,Watchmen,2009,https://boxd.it/1QE4,3.5
2019-01-13,First Reformed,2017,https://boxd.it/go9C,4
2019-01-17,Beautiful Boy,2018,https://boxd.it/g76Q,3.5
2019-01-17,The Ballad of Buster Scruggs,2018,https://boxd.it/jB2q,4.5
2019-01-17,The Bad Batch,2016,https://boxd.it/acEG,1
2019-01-17,"Sherlock, Jr.",1924,https://boxd.it/298m,4
2019-01-17,If Beale Street Could Talk,2018,https://boxd.it/gGhu,4.5
2019-01-19,Fyre,2019,https://boxd.it/kP0g,3.5
2019-01-19,Eighth Grade,2018,https://boxd.it/hDMG,4
2019-01-21,The Virgin Suicides,1999,https://boxd.it/28JG,4.5
2019-01-23,Black Panther,2018,https://boxd.it/8MHs,0.5
2019-01-23,We Need to Talk About Kevin,2011,https://boxd.it/2pTS,4
2019-01-24,A Star Is Born,2018,https://boxd.it/aXgc,5
2019-02-09,Palo Alto,2013,https://boxd.it/5Nzy,3.5
2019-02-14,Bicycle Thieves,1948,https://boxd.it/23hW,3.5
2019-02-15,Annie Hall,1977,https://boxd.it/29M2,4.5
2019-02-21,The Cabinet of Dr. Caligari,1920,https://boxd.it/2aOo,3
2019-02-23,Good Time,2017,https://boxd.it/fcFu,4
2019-02-23,Frances Ha,2012,https://boxd.it/41Xg,4.5
2019-03-02,Can You Ever Forgive Me?,2018,https://boxd.it/e7x4,3
2019-03-02,The Favourite,2018,https://boxd.it/d2hI,4.5
2019-03-03,Bohemian Rhapsody,2018,https://boxd.it/f1TK,1
2019-03-09,Hercules,1997,https://boxd.it/1SDW,4
2019-03-11,We the Animals,2018,https://boxd.it/hDPq,4
2019-03-16,Under the Skin,2013,https://boxd.it/3mDa,4
2019-03-18,The Wrestler,2008,https://boxd.it/1So8,4
2019-03-21,Shadow of a Doubt,1943,https://boxd.it/1BtA,4
2019-03-26,Swiss Army Man,2016,https://boxd.it/bDG2,4.5
2019-03-28,Jurassic Park,1993,https://boxd.it/2aA2,3
2019-04-02,Spring Breakers,2012,https://boxd.it/421s,2
2019-04-02,Badlands,1973,https://boxd.it/25Fm,4
2019-04-04,Us,2019,https://boxd.it/gnV6,4
2019-04-05,The Fall,2006,https://boxd.it/1NoM,4
2019-04-10,Triple Frontier,2019,https://boxd.it/dZUO,3
2019-04-14,The Rider,2017,https://boxd.it/gazw,4.5
2019-04-16,Never Let Me Go,2010,https://boxd.it/Xw0,3
2019-04-17,Paris Is Burning,1990,https://boxd.it/1jzg,3.5
2019-04-17,The Handmaiden,2016,https://boxd.it/948A,5
2019-04-24,mid90s,2018,https://boxd.it/fxIa,3.5
2019-04-24,Krisha,2015,https://boxd.it/ax4E,4.5
2019-04-25,Minutes,2017,https://boxd.it/jMMO,2
2019-05-02,Burning,2018,https://boxd.it/hHUa,4
2019-05-02,The Tree of Life,2011,https://boxd.it/1Zu8,5
2019-05-04,Tully,2018,https://boxd.it/e4kc,3.5
2019-05-05,Cold War,2018,https://boxd.it/fEoc,4.5
2019-05-07,Blue Ruin,2013,https://boxd.it/5H8G,3
2019-05-24,Incredibles 2,2018,https://boxd.it/7IPg,4
2019-05-25,The Perfection,2018,https://boxd.it/jgxW,1
2019-05-27,The Cell,2000,https://boxd.it/1ZLS,3.5
2019-05-28,The Village,2004,https://boxd.it/21iS,3.5
2019-05-30,Personal Shopper,2016,https://boxd.it/bkGM,3.5
2019-05-30,Dogville,2003,https://boxd.it/2a8W,2.5
2019-05-30,Let the Right One In,2008,https://boxd.it/1Qr0,4
2019-05-30,Kicking and Screaming,1995,https://boxd.it/1pHK,3
2019-05-31,Martha Marcy May Marlene,2011,https://boxd.it/CJs,3.5
2019-05-31,An Education,2009,https://boxd.it/1xcg,3.5
2019-06-01,The Graduate,1967,https://boxd.it/18Im,4.5
2019-06-01,About Time,2013,https://boxd.it/43bI,3
2019-06-04,When They See Us,2019,https://boxd.it/kbJU,4.5
2019-06-05,The One I Love,2014,https://boxd.it/77gy,4
2019-06-09,Carrie,1976,https://boxd.it/20ZQ,2.5
2019-06-10,Chernobyl,2019,https://boxd.it/mkbG,4
2019-06-14,Doubt,2008,https://boxd.it/1OfQ,3.5
2019-06-14,Network,1976,https://boxd.it/1VqG,3.5
2019-06-16,Dark Phoenix,2019,https://boxd.it/anyO,0.5
2019-06-16,Aladdin,2019,https://boxd.it/eSjy,2.5
2019-06-16,I Am Mother,2019,https://boxd.it/ihNE,2.5
2019-06-21,Platoon,1986,https://boxd.it/29BS,3.5
2019-06-26,Mississippi Grind,2015,https://boxd.it/9UfI,3.5
2019-06-28,Anima,2019,https://boxd.it/mxuc,3.5
2019-07-04,Strangers on a Train,1951,https://boxd.it/29tk,3.5
2019-07-19,Mean Streets,1973,https://boxd.it/2aSU,3
2019-07-19,Cloverfield,2008,https://boxd.it/2192,3.5
2019-07-21,The Mustang,2019,https://boxd.it/i4S2,4
2019-07-24,"Paris, Texas",1984,https://boxd.it/29Ts,4
2019-07-24,Dogtooth,2009,https://boxd.it/158K,3.5
2019-07-25,Guava Island,2019,https://boxd.it/jOF6,2.5
2019-07-25,The Wailing,2016,https://boxd.it/9fLy,2.5
2019-07-27,A Girl Walks Home Alone at Night,2014,https://boxd.it/7nZE,3.5
2019-07-28,Three Colors: Blue,1993,https://boxd.it/2b7K,4
2019-08-01,The Hateful Eight,2015,https://boxd.it/8gw8,4.5
2019-08-03,Boy,2010,https://boxd.it/13RS,4.5
2019-08-08,Panic Room,2002,https://boxd.it/2490,3.5
2019-08-14,First Man,2018,https://boxd.it/cPym,4
2019-08-14,King Jack,2015,https://boxd.it/aR3G,3
2019-08-19,On Body and Soul,2017,https://boxd.it/fu7A,4
2019-08-19,Night Moves,2013,https://boxd.it/4WFe,3.5
2019-08-19,Thor: Ragnarok,2017,https://boxd.it/8MHi,1.5
2019-08-21,Wild Strawberries,1957,https://boxd.it/29ZU,3.5
2019-08-21,Clouds of Sils Maria,2014,https://boxd.it/7f62,2.5
2019-08-22,Free Solo,2018,https://boxd.it/iEEq,4
2019-08-22,Divines,2016,https://boxd.it/dLDY,3
2019-08-23,Call Me by Your Name,2017,https://boxd.it/dYmm,5
2019-08-23,The Dawn Wall,2017,https://boxd.it/hCP0,3
2019-08-26,The Hangover,2009,https://boxd.it/1GjK,4
2019-08-30,Travis Scott: Look Mom I Can Fly,2019,https://boxd.it/na98,1
2019-09-01,Caddyshack,1980,https://boxd.it/1SCO,4.5
2019-09-11,Stripes,1981,https://boxd.it/gY6,3.5
2019-09-12,Bill Burr: Paper Tiger,2019,https://boxd.it/n93I,3.5
2019-09-13,The Master,2012,https://boxd.it/2cBG,4
2019-09-14,Inglourious Basterds,2009,https://boxd.it/1JzG,5
2019-09-17,Un Chien Andalou,1929,https://boxd.it/29Y8,3.5
2019-09-17,Nosferatu,1922,https://boxd.it/29TM,3.5
2019-09-21,Ad Astra,2019,https://boxd.it/ePzI,4
2019-09-24,The Unknown,1927,https://boxd.it/1rEy,4
2019-10-01,Mad Love,1935,https://boxd.it/1pTc,3.5
2019-10-03,Midsommar,2019,https://boxd.it/jhxe,4
2019-10-12,El Camino: A Breaking Bad Movie,2019,https://boxd.it/kv0q,3.5
2019-10-21,The Forest of Love,2019,https://boxd.it/nqbk,4
2019-10-21,The Laundromat,2019,https://boxd.it/iLUK,1
2019-10-24,Jojo Rabbit,2019,https://boxd.it/iEBG,3.5
2019-10-24,Free Fire,2016,https://boxd.it/b2Ig,3.5
2019-10-25,Bataan,1943,https://boxd.it/UiY,2
2019-10-28,Candyman,1992,https://boxd.it/1Ys6,2.5
2019-10-31,Ghosts of Sugar Land,2019,https://boxd.it/lz52,1
2019-11-01,The Lighthouse,2019,https://boxd.it/icFU,4.5
2019-11-02,Parasite,2019,https://boxd.it/hTha,4.5
2019-11-03,The Texas Chain Saw Massacre,1974,https://boxd.it/1lcS,3
2019-11-04,Perfect Bid: The Contestant Who Knew Too Much,2017,https://boxd.it/hIOC,0.5
2019-11-05,Crossfire,1947,https://boxd.it/1qd2,2
2019-11-15,Burning Cane,2019,https://boxd.it/lzJm,2.5
2019-11-17,Shadow,2018,https://boxd.it/gzLi,2
2019-11-17,The Break-Up,2006,https://boxd.it/1XRk,3
2019-11-17,Snowpiercer,2013,https://boxd.it/3Icg,3
2019-11-20,King Kong,1933,https://boxd.it/2aMM,3.5
2019-11-27,"I, Tonya",2017,https://boxd.it/dzR0,4
2019-11-29,The Irishman,2019,https://boxd.it/dYOq,5
2019-11-29,Knives Out,2019,https://boxd.it/jWEA,4
2019-11-29,Sky High,2005,https://boxd.it/1TNI,1
2019-11-29,A Separation,2011,https://boxd.it/gvo,3.5
2019-11-30,End of Watch,2012,https://boxd.it/2F5O,3
2019-12-01,Cities of Last Things,2018,https://boxd.it/jJtY,2
2019-12-01,Sicilian Ghost Story,2017,https://boxd.it/gaNy,1
2019-12-02,Avatar,2009,https://boxd.it/1Efm,2.5
2019-12-08,Marriage Story,2019,https://boxd.it/hJAw,4.5
2019-12-12,Cléo from 5 to 7,1962,https://boxd.it/2agm,4.5
2019-12-15,Breathless,1960,https://boxd.it/2aIK,4
2019-12-18,Atlantics,2019,https://boxd.it/hVEK,4.5
2019-12-20,Zombieland,2009,https://boxd.it/1En6,3.5
2019-12-21,Joker,2019,https://boxd.it/h4cS,4.5
2019-12-21,Logan's Run,1976,https://boxd.it/1Vma,3.5
2019-12-23,Star Wars: The Last Jedi,2017,https://boxd.it/5xme,3.5
2019-12-27,Sweetheart,2019,https://boxd.it/gB5e,1
2019-12-27,Vivre Sa Vie,1962,https://boxd.it/28s6,4
2019-12-28,The Last Black Man in San Francisco,2019,https://boxd.it/iWAw,3.5
2019-12-29,Manhattan,1979,https://boxd.it/29Na,4
2019-12-30,Waves,2019,https://boxd.it/jpmy,5
2020-01-01,Mystic River,2003,https://boxd.it/2aAG,2.5
2020-01-02,The Mule,2018,https://boxd.it/idcY,1.5
2020-01-02,In the Mood for Love,2000,https://boxd.it/29tE,4.5
2020-01-03,Sweet Virginia,2017,https://boxd.it/eBmA,1.5
2020-01-04,Persona,1966,https://boxd.it/29B4,5
2020-01-06,Thoroughbreds,2017,https://boxd.it/dVHQ,3.5
2020-01-11,1917,2019,https://boxd.it/jj4y,3.5
2020-01-13,Battleship Potemkin,1925,https://boxd.it/29Vo,4
2020-01-14,The Rain People,1969,https://boxd.it/iya,4
2020-01-22,The Boondock Saints,1999,https://boxd.it/20gw,0.5
2020-01-22,Animal House,1978,https://boxd.it/2062,3.5
2020-01-22,Scott Pilgrim vs. the World,2010,https://boxd.it/1Aq6,4
2020-01-23,Ashes and Diamonds,1958,https://boxd.it/23q0,4
2020-01-27,Brawl in Cell Block 99,2017,https://boxd.it/dWOo,4
2020-01-28,Electra Glide in Blue,1973,https://boxd.it/1u5w,3
2020-01-28,High Life,2018,https://boxd.it/d6bk,2
2020-01-30,Knife in the Water,1962,https://boxd.it/1THK,4.5
2020-01-30,Two Men and a Wardrobe,1958,https://boxd.it/Gig,1
2020-02-03,The Souvenir,2019,https://boxd.it/gXU4,3
2020-02-04,I Knew Her Well,1965,https://boxd.it/ija,5
2020-02-06,Illumination,1973,https://boxd.it/4Rwm,4
2020-02-07,John Wick: Chapter 3 - Parabellum,2019,https://boxd.it/gmFw,3.5
2020-02-11,Cría cuervos…,1976,https://boxd.it/AoC,4
2020-02-20,The American Friend,1977,https://boxd.it/1UkC,3.5
2020-02-21,Shivers,1981,https://boxd.it/4nhw,4
2020-02-21,Man of Marble,1977,https://boxd.it/2aQ0,3.5
2020-02-27,Camera Buff,1979,https://boxd.it/XzS,4.5
2020-03-08,Ford v Ferrari,2019,https://boxd.it/ce74,4
2020-03-11,My Life as a Zucchini,2016,https://boxd.it/dL2y,3.5
2020-03-15,Solaris,1972,https://boxd.it/2a2Y,5
2020-03-16,Birds of Passage,2018,https://boxd.it/fyVu,3.5
2020-03-16,Phantom Thread,2017,https://boxd.it/e4uc,4.5
2020-03-17,The Seventh Seal,1957,https://boxd.it/2ahO,3.5
2020-03-17,Resident Evil: Apocalypse,2004,https://boxd.it/28yS,1.5
2020-03-18,Under the Silver Lake,2018,https://boxd.it/dSAs,3
2020-03-20,Decalogue I,1989,https://boxd.it/3WmE,4
2020-03-21,9,2009,https://boxd.it/1Scm,1.5
2020-03-22,The Platform,2019,https://boxd.it/mUm6,3.5
2020-03-25,Decalogue VI,1989,https://boxd.it/3WlQ,4
2020-03-25,Mission: Impossible II,2000,https://boxd.it/29cS,2.5
2020-03-25,Bullet in the Head,1990,https://boxd.it/1SNs,1.5
2020-03-27,Ju Dou,1990,https://boxd.it/YrK,4.5
2020-03-27,A Woman Alone,1981,https://boxd.it/VAO,3.5
2020-03-28,The Art of Self-Defense,2019,https://boxd.it/hf5y,3.5
2020-03-28,Portrait of a Lady on Fire,2019,https://boxd.it/jkPq,5
2020-03-29,Three Colors: White,1994,https://boxd.it/2b7A,4
2020-03-29,High School,1968,https://boxd.it/gkK,2.5
2020-03-30,Three Colors: Red,1994,https://boxd.it/2b7q,4.5
2020-03-30,Resident Evil: Extinction,2007,https://boxd.it/20Oy,0.5
2020-03-31,The Square,2017,https://boxd.it/e5YW,4
2020-04-01,Spider-Man: Into the Spider-Verse,2018,https://boxd.it/azpY,4.5
2020-04-01,A Generation,1955,https://boxd.it/UMk,2
2020-04-01,The Butcher,1970,https://boxd.it/266C,2.5
2020-04-01,The Lure,2015,https://boxd.it/d3mE,0.5
2020-04-01,The Passion of the Christ,2004,https://boxd.it/29ZK,3
2020-04-01,Memories of Underdevelopment,1968,https://boxd.it/Kos,4
2020-04-01,Circle,2015,https://boxd.it/b5So,1
2020-04-01,Eroica,1958,https://boxd.it/3USe,2
2020-04-03,Would You Rather,2012,https://boxd.it/3m0W,2
2020-04-03,Dogs,1992,https://boxd.it/1GGk,3
2020-04-05,Akira,1988,https://boxd.it/2b1i,4
2020-04-05,Fantastic Mr. Fox,2009,https://boxd.it/1WyQ,4
2020-04-06,Minority Report,2002,https://boxd.it/2aWi,3.5
2020-04-06,Stalker,1979,https://boxd.it/28PO,5
2020-04-08,Touki Bouki,1973,https://boxd.it/2H44,2.5
2020-04-09,Man on a Ledge,2012,https://boxd.it/FQm,1
2020-04-11,Border,2018,https://boxd.it/iMbG,3.5
2020-04-12,The Nightingale,2018,https://boxd.it/e1Ga,4.5
2020-04-13,The Last Wave,1977,https://boxd.it/2oOM,3
2020-04-13,In Darkness,2011,https://boxd.it/2w1o,2.5
2020-04-13,Chungking Express,1994,https://boxd.it/1UDa,4.5
2020-04-15,Decalogue VIII,1989,https://boxd.it/C8m,3
2020-04-16,Ida,2013,https://boxd.it/6fRg,4
2020-04-16,House,1977,https://boxd.it/1vsm,3
2020-04-18,45 Years,2015,https://boxd.it/9ZPG,4.5
2020-04-18,Melancholia,2011,https://boxd.it/bPI,4
2020-04-21,Force Majeure,2014,https://boxd.it/7UcA,4
2020-04-22,The Guilty,2018,https://boxd.it/hw9i,3
2020-04-23,The Host,2006,https://boxd.it/28ZY,2.5
2020-04-26,Certified Copy,2010,https://boxd.it/IMW,4.5
2020-04-28,Extraction,2020,https://boxd.it/jUjA,2
2020-04-29,Bad Education,2019,https://boxd.it/jiME,4
2020-04-29,Truth or Dare,2017,https://boxd.it/hftg,0.5
2020-04-30,Killer Klowns from Outer Space,1988,https://boxd.it/1Kpi,3.5
2020-05-01,Molly's Game,2017,https://boxd.it/dSl8,4
2020-05-02,Blood Father,2016,https://boxd.it/9Wsu,2
2020-05-03,It Chapter Two,2019,https://boxd.it/h10u,2
2020-05-04,The Matrix Reloaded,2003,https://boxd.it/2a1c,2.5
2020-05-04,The Matrix Revolutions,2003,https://boxd.it/2a12,1
2020-05-04,Closer,2004,https://boxd.it/270K,4
2020-05-05,Dragged Across Concrete,2018,https://boxd.it/fAly,4
2020-05-05,Shutter Island,2010,https://boxd.it/1U82,4
2020-05-07,The Killing of a Sacred Deer,2017,https://boxd.it/dZ5G,3
2020-05-07,La La Land,2016,https://boxd.it/a5fa,5
2020-05-08,Isle of Dogs,2018,https://boxd.it/dZrW,3.5
2020-05-08,Mortal Kombat,1995,https://boxd.it/1YZY,0.5
2020-05-08,Jarhead,2005,https://boxd.it/70m,3.5
2020-05-12,The Meg,2018,https://boxd.it/bAL4,3
2020-05-15,Avengers: Endgame,2019,https://boxd.it/9vE4,2.5
2020-05-18,Star Wars: The Rise of Skywalker,2019,https://boxd.it/5xlK,2
2020-05-19,Bone Tomahawk,2015,https://boxd.it/9kiw,3.5
2020-05-25,Vice,2018,https://boxd.it/fcFY,1.5
2020-05-31,Come to Daddy,2019,https://boxd.it/lAqK,1.5
2020-06-01,Honey Boy,2019,https://boxd.it/ixvm,4
2020-06-05,Den of Thieves,2018,https://boxd.it/g17e,2.5
2020-06-08,Escape From Alcatraz,1979,https://boxd.it/1Vwk,3
2020-06-08,Ash Is Purest White,2018,https://boxd.it/fH5C,3
2020-06-09,The Great Escape,1963,https://boxd.it/22kA,3.5
2020-06-10,Escape from New York,1981,https://boxd.it/294k,3.5
2020-06-11,House of 1000 Corpses,2003,https://boxd.it/26uE,1.5
2020-06-17,Batman: The Killing Joke,2016,https://boxd.it/djxe,3.5
2020-06-18,Da 5 Bloods,2020,https://boxd.it/lnXw,2.5
2020-06-18,Spirited Away,2001,https://boxd.it/2b4m,4.5
2020-06-24,Uncut Gems,2019,https://boxd.it/gXGc,5
2020-06-26,Castle in the Sky,1986,https://boxd.it/1W4G,3.5
2020-06-27,Nausicaä of the Valley of the Wind,1984,https://boxd.it/2bc6,2.5
2020-06-29,The Cabin in the Woods,2011,https://boxd.it/1zOc,3.5
2020-06-30,The Fountain,2006,https://boxd.it/28RU,2
2020-07-02,Doctor Sleep,2019,https://boxd.it/i5vI,3
2020-07-11,Jeffrey Epstein: Filthy Rich,2020,https://boxd.it/r8Em,3.5
2020-07-15,Ready or Not,2019,https://boxd.it/kOf0,4
2020-07-16,Rambo: Last Blood,2019,https://boxd.it/iYPy,2
2020-07-24,Blow Out,1981,https://boxd.it/1TlE,4
2020-07-24,Dressed to Kill,1980,https://boxd.it/1UO8,4
2020-08-02,Princess Mononoke,1997,https://boxd.it/2b4w,4
2020-08-07,An American Pickle,2020,https://boxd.it/niWi,3.5
2020-08-16,Richard Jewell,2019,https://boxd.it/99Mg,3
2020-08-21,Howl's Moving Castle,2004,https://boxd.it/23De,3.5
2020-08-24,The Endless,2017,https://boxd.it/ffyw,3
2020-09-02,I'm No Longer Here,2019,https://boxd.it/lqSu,4
2020-09-09,I'm Thinking of Ending Things,2020,https://boxd.it/i4IQ,4.5
2020-09-09,The Woman of the Port,1934,https://boxd.it/3Qju,2
2020-09-11,Dog Day Afternoon,1975,https://boxd.it/29bg,4.5
2020-09-11,The Searchers,1956,https://boxd.it/25HC,2.5
2020-09-15,La Cucaracha,1934,https://boxd.it/5qpg,1.5
2020-09-15,Young Mr. Lincoln,1939,https://boxd.it/Tsy,3
2020-09-17,The Devil All the Time,2020,https://boxd.it/i2tY,2.5
2020-09-21,She-Devil Island,1936,https://boxd.it/gs5k,3
2020-09-22,The Invisible Man,2020,https://boxd.it/kWlA,4.5
2020-09-24,Allá en el Rancho Grande,1936,https://boxd.it/74Ve,2
2020-09-24,Maria Candelaria,1944,https://boxd.it/gxO,4
2020-09-29,The Adventuress,1950,https://boxd.it/3PEQ,4
2020-10-02,American Murder: The Family Next Door,2020,https://boxd.it/rUk0,3.5
2020-10-06,Vertigo,1958,https://boxd.it/2apI,4.5
2020-10-06,Horrible Bosses 2,2014,https://boxd.it/6HWy,2
2020-10-08,The Young and the Damned,1950,https://boxd.it/29AA,3.5
2020-10-09,Susana: The Devil & the Flesh,1951,https://boxd.it/Rq6,3.5
2020-10-10,The Social Dilemma,2020,https://boxd.it/opQI,3.5
2020-10-13,The Brainiac,1962,https://boxd.it/Vzm,3
2020-10-14,Class Action Park,2020,https://boxd.it/nvJm,2
2020-10-15,The Outpost,2019,https://boxd.it/jlxW,3
2020-10-18,The Trial of the Chicago 7,2020,https://boxd.it/kn3w,3
2020-10-20,Fatal Attraction,1987,https://boxd.it/1UTC,3
2020-10-23,Canoa: A Shameful Memory,1976,https://boxd.it/3Thw,3.5
2020-10-23,Basic Instinct,1992,https://boxd.it/2asM,4
2020-10-24,Borat Subsequent Moviefilm,2020,https://boxd.it/rNS0,3
2020-10-24,Sliver,1993,https://boxd.it/29pM,1
2020-10-31,Crawl,2019,https://boxd.it/iwYi,2
2020-10-31,Munich,2005,https://boxd.it/2a0e,3.5
2020-11-12,Duck Season,2004,https://boxd.it/1e8O,4
2020-11-12,Cronos,1993,https://boxd.it/1TjS,3
2020-11-20,Kill Bill: Vol. 1,2003,https://boxd.it/70w,5
2020-11-24,Almost Famous,2000,https://boxd.it/29CQ,3.5
2020-11-28,Hillbilly Elegy,2020,https://boxd.it/lQmY,3.5
2020-11-30,The Undoing,2020,https://boxd.it/rlRo,4
2020-12-04,Wild Things,1998,https://boxd.it/29Zq,3.5
2020-12-05,69: The Saga of Danny Hernandez,2020,https://boxd.it/sK4I,2.5
2020-12-08,Euphoria: Trouble Don't Last Always,2020,https://boxd.it/ta4a,3.5
2020-12-08,Murder on Middle Beach,2020,https://boxd.it/sYEq,4
2020-12-16,Tenet,2020,https://boxd.it/leq4,3.5
2020-12-20,The Dead Don't Die,2019,https://boxd.it/juZg,0.5
2020-12-20,Mank,2020,https://boxd.it/mIuC,3.5
2020-12-30,The Good Liar,2019,https://boxd.it/iuXC,3.5
2021-01-01,Wonder Woman 1984,2020,https://boxd.it/gBtA,1.5
2021-01-02,Machete Kills,2013,https://boxd.it/3BQI,3.5
2021-01-02,Underwater,2020,https://boxd.it/fN4q,2
2021-01-03,Sound of Metal,2019,https://boxd.it/i7Q4,3.5
2021-01-03,Gone Girl,2014,https://boxd.it/6hQu,4.5
2021-01-06,The Queen's Gambit,2020,https://boxd.it/s1Ym,3.5
2021-01-06,The Lodge,2019,https://boxd.it/h2c2,2
2021-01-07,Snakes on a Plane,2006,https://boxd.it/2aAw,4
2021-01-09,The Fisher King,1991,https://boxd.it/2aWM,3
2021-01-09,This Is the End,2013,https://boxd.it/3GB4,3.5
2021-01-14,The Gentlemen,2019,https://boxd.it/iYBQ,2.5
2021-01-14,Body of Deceit,2017,https://boxd.it/ha62,2.5
2021-01-16,Ready Player One,2018,https://boxd.it/aZes,3.5
2021-01-16,The King of Staten Island,2020,https://boxd.it/litG,4
2021-01-19,Chinatown,1974,https://boxd.it/29vU,4
2021-01-22,Meet the Fockers,2004,https://boxd.it/29NE,2.5
2021-01-22,Meet the Parents,2000,https://boxd.it/28vE,3.5
2021-02-01,The Little Things,2021,https://boxd.it/mdxU,1.5
2021-02-06,Earwig and the Witch,2020,https://boxd.it/pu34,2
2021-02-08,The Night Of,2016,https://boxd.it/eC1I,3.5
2021-02-12,Terminator: Dark Fate,2019,https://boxd.it/96YI,3
2021-02-12,Aquaman,2018,https://boxd.it/9ru0,2.5
2021-02-19,Palm Springs,2020,https://boxd.it/lCXQ,4
2021-02-22,Nomadland,2020,https://boxd.it/lnRy,5
2021-02-22,Arbitrage,2012,https://boxd.it/fDc,3.5
2021-02-24,Soul,2020,https://boxd.it/ioLA,4
2021-03-05,War Dogs,2016,https://boxd.it/9SlO,3
2021-03-12,Mommy,2014,https://boxd.it/7Uau,4.5
2021-03-15,Possessor,2020,https://boxd.it/fsJW,4.5
2021-03-15,Death Proof,2007,https://boxd.it/27GG,4
2021-03-19,Zack Snyder's Justice League,2021,https://boxd.it/tLOk,3.5
2021-03-24,WandaVision,2021,https://boxd.it/sbGW,0.5
2021-03-24,The Falcon and the Winter Soldier,2021,https://boxd.it/sbH6,0.5
2021-03-25,Another Round,2020,https://boxd.it/lkba,4
2021-04-09,Gemini Man,2019,https://boxd.it/gaUu,3.5
2021-04-14,Bad Trip,2021,https://boxd.it/lgRG,3.5
2021-04-16,Godzilla vs. Kong,2021,https://boxd.it/e0qK,3.5
2021-04-23,Mortal Kombat,2021,https://boxd.it/gswA,1
2021-04-27,The Mole Agent,2020,https://boxd.it/oiRO,4.5
2021-04-30,Shoplifters,2018,https://boxd.it/ifY6,4
2021-05-01,Saw VI,2009,https://boxd.it/1A2y,2
2021-05-17,Once Upon a Time… in Hollywood,2019,https://boxd.it/gH0O,4.5
2021-05-23,Army of the Dead,2021,https://boxd.it/ic7S,3.5
2021-05-25,Hot Rod,2007,https://boxd.it/1X9C,3.5
2021-05-27,The Skin I Live In,2011,https://boxd.it/99A,4
2021-05-29,Shithouse,2020,https://boxd.it/nCFc,4.5
2021-05-30,The Raid,2011,https://boxd.it/3hBy,4
2021-05-30,Prisoners,2013,https://boxd.it/4E5i,4
2021-05-31,Bo Burnham: Inside,2021,https://boxd.it/v2uy,3.5
2021-06-04,When Harry Met Sally...,1989,https://boxd.it/29W2,5
2021-06-07,Flight,2012,https://boxd.it/35Ca,3.5
2021-06-08,Assault on Precinct 13,1976,https://boxd.it/1I2c,3.5
2021-06-16,From Dusk Till Dawn,1996,https://boxd.it/29HQ,4
2021-06-16,Spider-Man: Homecoming,2017,https://boxd.it/aboM,4
2021-06-20,Luca,2021,https://boxd.it/ipjC,3
2021-06-21,Adaptation.,2002,https://boxd.it/26mA,3.5
2021-06-28,F9,2021,https://boxd.it/dqsU,3
2021-06-29,The Mitchells vs. The Machines,2021,https://boxd.it/i7xm,3
2021-06-29,Scanners,1981,https://boxd.it/1YqE,3.5
2021-06-30,Speed,1994,https://boxd.it/28qk,3
2021-07-02,No Sudden Move,2021,https://boxd.it/o7WS,3
2021-07-05,Rambo,2008,https://boxd.it/20Pc,4
2021-07-08,RoboCop,1987,https://boxd.it/22Wu,4
2021-07-10,Machete,2010,https://boxd.it/1yXW,3.5
2021-07-13,I Saw the Devil,2010,https://boxd.it/FaK,4.5
2021-07-17,Bottle Rocket,1996,https://boxd.it/1PDa,3
2021-07-20,Lady Bird,2017,https://boxd.it/dGNE,4
2021-07-20,Space Jam: A New Legacy,2021,https://boxd.it/dd9A,2.5
2021-07-25,The Hurt Locker,2008,https://boxd.it/1Soi,4.5
2021-08-01,The Green Knight,2021,https://boxd.it/kuy2,5
2021-08-02,One Hour Photo,2002,https://boxd.it/1YT2,3
2021-08-04,Slackers,2002,https://boxd.it/1EdA,1
2021-08-06,"Woodstock 99: Peace, Love, and Rage",2021,https://boxd.it/w1pa,2.5
2021-08-06,The Suicide Squad,2021,https://boxd.it/fw6O,3.5
2021-08-09,Blackhat,2015,https://boxd.it/62Te,2.5
2021-08-19,Pleasantville,1998,https://boxd.it/26uY,3.5
2021-08-20,Stoker,2013,https://boxd.it/34S2,4
2021-08-29,Spider-Man: Far From Home,2019,https://boxd.it/fegG,3.5
2021-09-05,Glass,2019,https://boxd.it/g3uO,3
2021-09-06,Rolling Thunder,1977,https://boxd.it/1BgG,3.5
2021-09-13,Malignant,2021,https://boxd.it/mViE,4
2021-09-15,Widows,2018,https://boxd.it/e6gc,3.5
2021-10-02,The Many Saints of Newark,2021,https://boxd.it/j356,3
2021-10-08,The Guilty,2021,https://boxd.it/kOPW,2.5
2021-10-09,The Evil Dead,1981,https://boxd.it/29Go,3.5
2021-10-16,Evil Dead II,1987,https://boxd.it/29Ge,4
2021-10-20,Titane,2021,https://boxd.it/nlQC,3.5
2021-10-21,Halloween Kills,2021,https://boxd.it/mxzG,3
2021-10-23,Dune,2021,https://boxd.it/fA7G,4
2021-10-27,Clickbait,2021,https://boxd.it/wJze,2
2021-10-28,Promising Young Woman,2020,https://boxd.it/loRE,4
2021-10-30,Lamb,2021,https://boxd.it/tFwE,2.5
2021-11-12,The Harder They Fall,2021,https://boxd.it/mRCU,3.5
2021-11-14,Shang-Chi and the Legend of the Ten Rings,2021,https://boxd.it/kLDI,2.5
2021-11-14,Fear and Loathing in Las Vegas,1998,https://boxd.it/27Xs,3.5
2021-11-18,Zola,2020,https://boxd.it/jEWQ,2.5
2021-11-19,The Death of Dick Long,2019,https://boxd.it/kIoA,3.5
2021-11-20,Butt Boy,2019,https://boxd.it/n81c,3
2021-11-21,Swallow,2019,https://boxd.it/lA0i,4
2021-11-23,Green Room,2015,https://boxd.it/a75m,4
2021-12-18,Spider-Man: No Way Home,2021,https://boxd.it/nwRw,4
2021-12-23,The Matrix Resurrections,2021,https://boxd.it/n87k,3
2021-12-26,Don't Look Up,2021,https://boxd.it/o0Hc,3.5
2021-12-28,8½,1963,https://boxd.it/2aqm,4.5
2021-12-29,Judas and the Black Messiah,2021,https://boxd.it/lsew,4
2021-12-30,Climax,2018,https://boxd.it/ikvo,3
2021-12-31,The Royal Tenenbaums,2001,https://boxd.it/1YHU,3.5
2022-01-04,Eye in the Sky,2015,https://boxd.it/aZg4,2.5
2022-01-04,Videodrome,1983,https://boxd.it/29uC,4
2022-01-06,The Lost Daughter,2021,https://boxd.it/kgww,3.5
2022-01-07,The Beach,2000,https://boxd.it/27T6,2.5
2022-01-08,Bloodsport,1988,https://boxd.it/1Tee,3.5
2022-01-09,Juice WRLD: Into the Abyss,2021,https://boxd.it/xxBY,2
2022-01-15,The Tragedy of Macbeth,2021,https://boxd.it/lMi4,3
2022-01-16,The Last Duel,2021,https://boxd.it/mQbe,3.5
2022-01-21,Jennifer's Body,2009,https://boxd.it/1Efw,3
2022-01-27,300,2006,https://boxd.it/28XI,3.5
2022-01-29,Harry Potter and the Chamber of Secrets,2002,https://boxd.it/29QI,3
2022-01-30,Nobody,2021,https://boxd.it/mLqS,3
2022-02-03,3:10 to Yuma,2007,https://boxd.it/23g0,4
2022-02-03,Nightmare Alley,2021,https://boxd.it/m0HC,3.5
2022-02-08,Sympathy for Mr. Vengeance,2002,https://boxd.it/23WU,3
2022-02-10,Thirteen,2003,https://boxd.it/1UPK,3.5
2022-02-16,Perfect Blue,1997,https://boxd.it/1W7A,4
2022-02-17,Bacurau,2019,https://boxd.it/fSUG,3.5
2022-02-19,Kimi,2022,https://boxd.it/u7LW,2.5
2022-02-20,Caché,2005,https://boxd.it/2amY,4
2022-02-20,Texas Chainsaw Massacre,2022,https://boxd.it/ns6c,1.5
2022-02-22,Safe,1995,https://boxd.it/1gKU,4
2022-03-03,The French Dispatch,2021,https://boxd.it/jLP8,3.5
2022-03-04,Battleship,2012,https://boxd.it/QZ0,1.5
2022-03-04,The Batman,2022,https://boxd.it/eDGs,4
2022-03-06,jeen-yuhs: A Kanye Trilogy,2022,https://boxd.it/z7pG,4
2022-03-07,Paprika,2006,https://boxd.it/23wW,4
2022-03-08,Pusher,1996,https://boxd.it/27wG,4
2022-03-10,The Rock,1996,https://boxd.it/1XM0,3.5
2022-03-10,Pusher II,2004,https://boxd.it/1U7y,4
2022-03-11,Resident Evil,2002,https://boxd.it/28z2,2
2022-03-12,Pacific Rim,2013,https://boxd.it/2cB2,2
2022-03-12,A Scanner Darkly,2006,https://boxd.it/25jK,2.5
2022-03-13,The Tinder Swindler,2022,https://boxd.it/yMLw,2
2022-03-16,Drive My Car,2021,https://boxd.it/sv94,4
2022-03-22,Berberian Sound Studio,2012,https://boxd.it/3T30,2.5
2022-03-22,Antlers,2021,https://boxd.it/iI50,3
2022-03-22,Pusher 3,2005,https://boxd.it/1U7e,4.5
2022-03-23,Deep Water,2022,https://boxd.it/mVHk,2.5
2022-03-24,Sorry to Bother You,2018,https://boxd.it/f21E,4
2022-03-31,Pig,2021,https://boxd.it/nzoW,3.5
2022-04-01,Trust No One: The Hunt for the Crypto King,2022,https://boxd.it/zHTW,3
2022-04-01,Little Miss Sunshine,2006,https://boxd.it/29EW,4
2022-04-03,Unforgiven,1992,https://boxd.it/6Z4,3.5
2022-04-04,V/H/S,2012,https://boxd.it/2Y1c,2
2022-04-04,The VelociPastor,2018,https://boxd.it/glzW,1.5
2022-04-05,Free Guy,2021,https://boxd.it/k8dm,1
2022-04-07,The Purge,2013,https://boxd.it/4Xg0,2.5
2022-04-07,Rubber,2010,https://boxd.it/P2m,2
2022-04-07,Unorthodox,2020,https://boxd.it/pHfs,4
2022-04-08,Hobo with a Shotgun,2011,https://boxd.it/H5s,3.5
2022-04-09,The Greasy Strangler,2016,https://boxd.it/anX0,3
2022-04-18,The Call,2013,https://boxd.it/4Xgu,2
2022-04-20,The Fly,1986,https://boxd.it/1YIe,4
2022-04-22,Vampyros Lesbos,1971,https://boxd.it/1IO6,2.5
2022-04-22,The Northman,2022,https://boxd.it/nK2s,5
2022-04-24,Moonshot,2022,https://boxd.it/sQRG,2
2022-04-26,A History of Violence,2005,https://boxd.it/2bfa,3.5
2022-04-30,Predestination,2014,https://boxd.it/6bJM,3.5
2022-05-03,Blade,1998,https://boxd.it/1a8A,3.5
2022-05-03,Showgirls,1995,https://boxd.it/1Vmk,4
2022-05-04,Army of Darkness,1992,https://boxd.it/29G4,4.5
2022-05-06,Doctor Strange in the Multiverse of Madness,2022,https://boxd.it/gaTc,3.5
2022-05-17,Our Father,2022,https://boxd.it/Am5e,3
2022-06-02,Men,2022,https://boxd.it/tlc0,4
2022-06-05,Starship Troopers,1997,https://boxd.it/2a7k,4
2022-06-06,Crimes of the Future,2022,https://boxd.it/uTuY,4
2022-06-14,The Card Counter,2021,https://boxd.it/nTH0,4.5
2022-06-16,Everything Everywhere All at Once,2022,https://boxd.it/jUk4,5
2022-06-20,No Time to Die,2021,https://boxd.it/cPX2,3.5
2022-06-26,Black Bear,2020,https://boxd.it/n8ru,3.5
2022-06-30,Old,2021,https://boxd.it/npKI,3.5
2022-07-02,Last Night in Soho,2021,https://boxd.it/lbJC,2
2022-07-03,Roadrunner: A Film About Anthony Bourdain,2021,https://boxd.it/nRb2,3.5
2022-07-07,Zero Dark Thirty,2012,https://boxd.it/3n1w,4
2022-07-08,Thor: Love and Thunder,2022,https://boxd.it/mMAY,3
2022-07-08,RRR,2022,https://boxd.it/ljDs,4.5
2022-07-11,Ocean's Eleven,2001,https://boxd.it/2aZm,3.5
2022-07-12,Girl in the Picture,2022,https://boxd.it/BkBk,3.5
2022-07-18,Primal Fear,1996,https://boxd.it/28ws,3.5
2022-07-22,A Quiet Place Part II,2020,https://boxd.it/iTx0,2
2022-07-22,House of Gucci,2021,https://boxd.it/nVkC,3
2022-07-31,The Gray Man,2022,https://boxd.it/rb7q,0.5
2022-08-08,Prey,2022,https://boxd.it/sNBU,3.5
2022-08-10,Nope,2022,https://boxd.it/sDCe,4.5
2022-08-11,Hell or High Water,2016,https://boxd.it/bfGM,4.5
2022-08-12,Licorice Pizza,2021,https://boxd.it/qTKY,4.5
2022-08-15,The Black Phone,2021,https://boxd.it/sqFE,3
2022-08-19,Tower Heist,2011,https://boxd.it/iQI,3
2022-08-20,The Mist,2007,https://boxd.it/22r2,3.5
2022-08-21,Till Death,2021,https://boxd.it/p3VI,3
2022-08-22,Creep,2014,https://boxd.it/7l4c,3
2022-08-23,Creep 2,2017,https://boxd.it/dSEO,3.5
2022-08-24,Contagion,2011,https://boxd.it/13rq,3.5
2022-08-24,Elle,2016,https://boxd.it/bdhq,4
2022-08-26,The House That Jack Built,2018,https://boxd.it/dWO4,4
2022-08-28,25th Hour,2002,https://boxd.it/28LC,2
2022-08-28,Velvet Buzzsaw,2019,https://boxd.it/gAy0,1.5
2022-08-28,Horse Girl,2020,https://boxd.it/oioi,4
2022-08-30,Neon Genesis Evangelion,1995,https://boxd.it/ptEI,4
2022-08-30,Neon Genesis Evangelion: The End of Evangelion,1997,https://boxd.it/1GRM,4.5
2022-08-31,Running with the Devil: The Wild World of John McAfee,2022,https://boxd.it/C0Ay,3.5
2022-08-31,Whiplash,2014,https://boxd.it/7bQA,4.5
2022-09-01,Freaks,2018,https://boxd.it/jFUm,3.5
2022-09-01,Funny Games,1997,https://boxd.it/1WKM,4.5
2022-09-09,X,2022,https://boxd.it/sxVa,3
2022-09-18,Evangelion: 1.0 You Are (Not) Alone,2007,https://boxd.it/1MKi,3.5
2022-09-19,Sins of Our Mother,2022,https://boxd.it/D1b2,2.5
2022-09-28,Dahmer – Monster: The Jeffrey Dahmer Story,2022,https://boxd.it/CRG0,3
2022-09-30,Blonde,2022,https://boxd.it/9AG0,3
2022-10-01,Windfall,2022,https://boxd.it/w4Zg,2.5
2022-10-01,Entergalactic,2022,https://boxd.it/CPN4,4
