Date,Name,Year,Letterboxd URI,Rating,Rewatch,Review,Tags,Watched Date
2018-11-13,Before Sunrise,1995,https://boxd.it/yLgEr,4.5,,"Every train ride has a predefined start and end. Each life begins with birth and ends with death. It is the moments in between, it is the relationships we make, it is the journey that matters.",,2018-11-12
2018-11-13,Before Sunset,2004,https://boxd.it/yLJYZ,4.5,,"Baby, you are gonna miss that flight",,2018-11-13
2018-11-20,American Honey,2016,https://boxd.it/z1ytX,5,,"Completely objective, yet incredibly intimate‚Äî even the most monstrous actions carry hints of beauty.",,2018-11-19
2018-11-29,Waltz with Bashir,2008,https://boxd.it/zpnRH,4,,A hauntingly beautiful film that utlizes its medium to appropriately parallel the director‚Äôs delusional justifications for his terrible actions.,,2018-11-28
2018-12-03,Frances Ha,2012,https://boxd.it/zyCXt,5,,"Nuanced, poignant, and beautiful.",,2018-12-02
2018-12-05,The Grand Budapest Hotel,2014,https://boxd.it/zFCox,4,,(Bumped to 4 stars after rewatch),,2018-12-05
2019-01-17,First Reformed,2017,https://boxd.it/C5JhD,4,,"Will God forgive? 
Will God forgive us for what we have done to Earth; For what we have to done to each other; For what we have done to ourselves? 
Toller observes the worst of humanity, bringing subdued anger to a boil inside of him. Apathy clouds over the joy of existence and eclipses any faith in the goodness of humankind. Despair pervades Toller's mind and is pumped through his heart. And it is with this despair that he is able to  achieve a selfish act of forgiveness-- a violent catharsis. For once, he puts himself first and choses to love in the midst of his pain and many burdens. 
Toller does not need God to forgive. We do not need God to forgive. The power of forgiveness comes from the individual and only the individual. 
Will we forgive?",,
2019-01-17,Beautiful Boy,2018,https://boxd.it/C5LDh,3.5,,"A very well done portrayal of drug abuse and the harm it causes to relationships.
No problems with the movie except this has been done before & done much much better. ",,
2019-01-17,Sorry to Bother You,2018,https://boxd.it/C5PQJ,5,,"This film deserves endless praise, yet I have no idea how to do so. It is hilariously dark, narratively inventive, politically poignant. Still, none of these elements make this film what it is. This movie is a masterpiece. 
(There is major potential for this movie to develop a cult following in the years to come.)",,
2019-01-17,Kill the Messenger,2014,https://boxd.it/C5ToJ,2,,"Eh. Not terrible but definitely not okay either. 
Watching this movie felt like a beggar lecturing me on his non-sensical political beliefs as a ploy so that he could take my money while I was distracted. ",,
2019-01-17,Black Mirror: Bandersnatch,2018,https://boxd.it/C5XUz,4,,"I expected a chose-your-own-adventure narrative in which my decisions would alter the character's arc. I guess I kind of forgot that this was Black Mirror. And-- incredibly-- a really fucking good episode at that. 
What is free will? Because there sure as hell isn't any free will to be found here. 
",,
2019-01-17,"Sherlock, Jr.",1924,https://boxd.it/C6thJ,4,,"It is immensely refreshing to watch such an innocent , yet intellectual film.",,2019-01-16
2019-02-09,Palo Alto,2013,https://boxd.it/DsKQJ,3.5,,I‚Äôm not bob!!!!,,2019-02-09
2019-03-16,Under the Skin,2013,https://boxd.it/FiKQx,4,,"No idea what I just watched, yet I can‚Äôt shake the idea that it felt important.",,2019-03-15
2019-03-18,Swiss Army Man,2016,https://boxd.it/Fp3Ed,4.5,,Pure genius ,,2019-03-16
2019-03-21,Shadow of a Doubt,1943,https://boxd.it/FzpR9,4,,"Subtly frightening in its implications for the ‚Äútypical‚Äù American family.¬†
Couldn‚Äôt stop thinking about Lynch‚Äôs white picket fence and the worms that devour the dirt beneath it.",,2019-03-20
2019-04-02,"Synecdoche, New York",2008,https://boxd.it/Gaftl,5,Yes,A masterpiece in every way but holy shit the existential despair is overwhelming.,,2019-03-30
2019-04-02,Badlands,1973,https://boxd.it/Gb1TV,4,,"A psychopath goes on a killing spree in the heart of America, but he looks like James Dean. ‚ÄúDo ya think they‚Äôll take that into consideration?‚Äù",,2019-04-01
2019-04-03,Us,2019,https://boxd.it/GdZU9,4.5,,"Any attempt to pull a political purpose here is a strech (probably purposeful red herrings). The meaning lies in the actual story‚Äî trauma and redemption. ¬†

At times Peele‚Äôs humor almost seems to apologize for his vision, acknowledging its own outrageousness and implausibility.",,2019-04-02
2019-04-04,The Fall,2006,https://boxd.it/GfGJF,4,,The more I think about it the better this movie becomes-- it demands multiple viewings. ,,2019-04-03
2019-04-11,Spider-Man: Into the Spider-Verse,2018,https://boxd.it/GAp5v,4.5,,One of the most fun films,,2019-04-10
2019-04-15,The Rider,2017,https://boxd.it/GKW1h,4.5,,The most successful stories ¬†‚Äúwrap a universal story in a culturally specific blanket‚Äù (Robert McKee).,,2019-04-13
2019-04-16,Never Let Me Go,2010,https://boxd.it/GPu9x,3,,"This is a good film, albeit an awful adaptation. The novel succeeds through its subtlety and complex themes-- two things that this film lacks",,2019-04-15
2019-04-16,Guava Island,2019,https://boxd.it/GPzMp,3,,"Aesthetically pleasing, but there is really not that much content here. I wish that this was more similar to Kanye's MBDTF movie. ",,
2019-05-02,Burning,2018,https://boxd.it/HBXb9,4,,I love subtle and understated films. For some reason this one felt like a disappointment,,2019-05-02
2019-05-05,Cold War,2018,https://boxd.it/HL9Wp,4.5,,A film adaptation of <i>The Mill on the Floss</i>?,,2019-05-05
2019-05-25,The Perfection,2018,https://boxd.it/IG52h,1,,A heaping pile of shit. Revolting implications. The creative team behind this movie should be ashamed.,,2019-05-25
2019-05-30,Dogville,2003,https://boxd.it/IVTxz,2.5,,This was ridiculous,,2019-05-29
2019-05-30,Let the Right One In,2008,https://boxd.it/IWSe9,4,,*not a horror film*,,2019-05-30
2019-05-30,Kicking and Screaming,1995,https://boxd.it/IX8zx,3,,Awesome writing as usual,,2019-05-30
2019-06-05,The One I Love,2014,https://boxd.it/JePjL,4,,Aardvarks and cosmic aberrations,,2019-06-05
2019-07-28,Three Colors: Blue,1993,https://boxd.it/LTkA7,4,,Beautiful and creative interplay of visuals and sound. Although at times it does seem rather melodramatic.,,2019-07-27
2019-08-03,Boy,2010,https://boxd.it/McPGt,4.5,,"‚ÄúI thought I was like you, but I‚Äôm not. I don‚Äôt have any potential.‚Äù - Boy",,2019-08-02
2019-08-14,First Man,2018,https://boxd.it/MNBq1,4,,Seeing this in the theatre would have raised my review probably a full star.,,2019-08-13
2019-08-19,On Body and Soul,2017,https://boxd.it/N3AAh,4,Yes,"The ending seemed to be a little too on the nose, especially in comparison with the ambiguise dialogue and suggestive editing. That being said, I do really appreciate the film‚Äôs ideas on love... when they finally surpass physical barriers and admit they are in love, the dreams cease. Life itself becomes the dream‚Äî a shared reality.",,2019-08-18
2019-08-19,Night Moves,2013,https://boxd.it/N4t0D,3,,Paranoid Jesse Eisenberg is the best Jesse Eisenberg,,2019-08-19
2019-08-19,Thor: Ragnarok,2017,https://boxd.it/N4uF3,1.5,,"God what a shit show. Is this a marvel movie or a CGI orgy? At this point, I‚Äôm not sure if there is much of a difference.",,2019-08-19
2019-08-21,Wild Strawberries,1957,https://boxd.it/NaCtB,3.5,,(My first Bergman),,2019-08-20
2019-08-21,Clouds of Sils Maria,2014,https://boxd.it/Nb6LZ,2.5,,"I really hate the episodic feeling that comes from the fade to black moments. The story would have been more powerful if there was a stronger narrative that revealed a theme. Instead it seems that the director opted for episodic moments that revolve around ideas rather than a narrative. I understand the parallel to Maria‚Äôs mental state, but the film just meandered a bit much.",,2019-08-21
2019-08-22,Divines,2016,https://boxd.it/Neb93,3,,Bumped up a .5 star for the emotionally explosive final 15 minutes,,2019-08-21
2019-09-02,Blue Valentine,2010,https://boxd.it/NLz9x,5,,(Rewatched and it holds up),,2019-09-01
2019-09-22,Ad Astra,2019,https://boxd.it/ONOFh,4,,"Space is devoid of life, save for the humans that explore it. Humans that are convinced in our purpose being hidden in the stars. Stars that contain brilliant lights and beautiful landscapes, yet never life itself. Humanity searches and scours for a sign ‚Äî a purpose. Yet, it never reveals itself. It is not hidden in the stars. The ultimate cosmic journey is within the invidual. There is nothing more essential to life then our journey toward love and self acceptance.",,2019-09-21
2019-10-05,Joker,2019,https://boxd.it/PtGst,5,,Masterpiece.,,2019-10-04
2019-10-05,Joker,2019,https://boxd.it/PtI5B,5,Yes,Was this a joke?,,2019-10-04
2019-10-31,The Lighthouse,2019,https://boxd.it/R57w1,,,Nothing in <i>The Lighthouse </i>is black & white ‚Äî only shades of grey.,,2019-10-30
2019-11-27,"I, Tonya",2017,https://boxd.it/SGJ0v,4,,A surprisingly balanced portrayal. Margot is electric,,2019-11-26
2019-11-29,The Irishman,2019,https://boxd.it/SOjSn,5,,This is the culmination of a generation of cinema,,2019-11-28
2019-11-29,A Separation,2011,https://boxd.it/SQxqh,3.5,,"Very illuminating with its cultural specificity. I'm curious how accurate this depicts the Iranian judicial system. 
The final scene was absolute technical // thematic perfection.",,
2019-11-30,End of Watch,2012,https://boxd.it/SUiSD,3,,Not a fan of the shaky cam / found footage technique,,
2019-12-02,Avatar,2009,https://boxd.it/T0M5N,2.5,,Holy shit this did not age well,,2019-12-01
2019-12-08,Marriage Story,2019,https://boxd.it/TofL5,4.5,,So raw and understated,,2019-12-07
2019-12-12,Sorry to Bother You,2018,https://boxd.it/TEMcz,3.5,Yes,rewatch doesn‚Äôt really hold up,,2019-12-11
2019-12-12,Cl√©o from 5 to 7,1962,https://boxd.it/TERCn,4.5,,A feeling that I can‚Äôt articulate,,2019-12-11
2019-12-15,Breathless,1960,https://boxd.it/TRV8n,4,,So many perfectly human moments,,2019-12-14
2019-12-18,Atlantics,2019,https://boxd.it/U47yr,4.5,,Long shots of ocean + blaring bladerunnerish synths...,,2019-12-17
2019-12-21,Joker,2019,https://boxd.it/UeWeH,4.5,Yes,palpable anger,,2019-12-20
2019-12-21,Logan's Run,1976,https://boxd.it/Ui5Hf,3.5,,Logans run manages to be completely charming despite its disastrous understanding of what makes for <i>epic </i>cinema.,,2019-12-21
2019-12-23,The Last Black Man in San Francisco,2019,https://boxd.it/UsOpF,4,,Absolutely stunning cinematography and score‚Äî not quite sure why I didn‚Äôt fall head over heels for this,,2019-12-23
2019-12-27,Sweetheart,2019,https://boxd.it/ULhqj,1,,God this movie sucks,,2019-12-26
2019-12-27,Uncut Gems,2019,https://boxd.it/UMOkv,4.5,,Inject this straight into my veins,,2019-12-26
2019-12-27,Vivre Sa Vie,1962,https://boxd.it/UNy81,4,,"Simultaneous conflicting truths
(Ugliness and beauty)",,2019-12-26
2019-12-29,Manhattan,1979,https://boxd.it/UZqad,4,,that was disturbing (woody Allen),,2019-12-29
2019-12-30,Waves,2019,https://boxd.it/V3xt5,5,,No words,,2019-12-29
2020-01-02,In the Mood for Love,2000,https://boxd.it/VpvXL,4.5,,"‚ÄúFeelings can creep up just like that‚Äù¬†
<i>In the Mood for Love </i>certainly does.
‚Äî‚Äî‚Äî‚Äî‚Äî‚Äî‚Äî‚Äî‚Äî‚Äî‚Äî‚Äî‚Äî‚Äî‚Äî‚Äî‚Äî‚Äî‚Äî-

<blockquote>‚ÄúHe remembers those vanished years. As though looking through a dusty window pane, the past is something he could see, but not touch. And everything he sees is blurred and indistinct.‚Äù</blockquote>",,2020-01-02
2020-01-03,Sweet Virginia,2017,https://boxd.it/VvPAf,1.5,,‚ÄúLet‚Äôs make something gritty and slow and uhhhhh... dark!‚Äù,,2020-01-02
2020-01-04,Persona,1966,https://boxd.it/VCdsh,5,,so much of¬†<i>Persona </i>defies explanation<i>‚Äî </i>emotion incarnate.,,2020-01-03
2020-01-05,The Lure,2015,https://boxd.it/VJ82d,1,,Refusing to watch the remaining 62 minutes of this. Who knew that pornographic mermaid musicals could be so incredible boring,,2020-01-04
2020-01-06,Thoroughbreds,2017,https://boxd.it/VQTR7,3.5,,"Strong performances, aesthetics, and set design. The ending sucked though",,2020-01-06
2020-01-10,Eroica,1958,https://boxd.it/W9QsL,3,,FTVM 314- polish cinema,,2020-01-09
2020-01-11,1917,2019,https://boxd.it/WgMk3,3.5,,eh,,2020-01-10
2020-01-13,John Wick: Chapter 3 - Parabellum,2019,https://boxd.it/Wuz2j,3,,Wishing the world building went in slightly different direction. Plus the dialogue was pretty terrible,,2020-01-12
2020-01-14,The Rain People,1969,https://boxd.it/WB50h,4,,I love the intercutting memories‚Äî accentuated emotions & heightened complexity.,,2020-01-13
2020-01-16,A Generation,1955,https://boxd.it/WMLwB,3,,Watched for 314,,2020-01-15
2020-01-23,Ashes and Diamonds,1958,https://boxd.it/XqgDV,4,,"What is cinema?¬†
-inverted crucifixion¬†
-white sheets obfuscating identity while blood seeps¬†
-textures of light and skin in dark bed
-every frame with Krystyna¬†
-‚ÄúAre you artists or people?‚Äù - communist party official",,2020-01-22
2020-01-27,Brawl in Cell Block 99,2017,https://boxd.it/XMPpt,4,,saw but art? maybe?,,2020-01-26
2020-01-28,Electra Glide in Blue,1973,https://boxd.it/XRh89,3,,Enjoyable movie with a wildly inconsistent narrative and confused style,,2020-01-27
2020-01-28,High Life,2018,https://boxd.it/XSYmv,2,,"I wish I loved this, but I don't think I even liked it",,2020-01-28
2020-01-30,Knife in the Water,1962,https://boxd.it/Y0vU5,4.5,,"Intense and understated. (relatable)
Plus Christina is beautiful",,2020-01-29
2020-02-06,Illumination,1973,https://boxd.it/YCZlb,4,,"A powerful film that mirrors it‚Äôs main character‚Äôs mind.¬†
(Reminded me of Malick‚Äôs work, but rationalizing with information rather than emotion)",,2020-02-05
2020-02-13,Man of Marble,1977,https://boxd.it/ZfKKt,3.5,,"Under some conditions film is an obfuscation. Under other conditions it will reveal truth.

The cultural specificity likely restrained this movie‚Äôs impact on me",,2020-02-12
2020-02-21,Shivers,1981,https://boxd.it/ZXrpz,4,,Extremely disturbing. I‚Äôve never seen a movie about similar time periods that adopts such an immersive perspective,,2020-02-20
2020-02-27,Camera Buff,1979,https://boxd.it/10trfN,4.5,,"-Final sequence is gorgeous
-film is a contradiction",,2020-02-26
2020-03-08,Waves,2019,https://boxd.it/11eDX7,5,Yes,Second viewing and I love it even more,,2020-03-07
2020-03-08,Ford v Ferrari,2019,https://boxd.it/11eFkL,4,,Unapologetically American,,2020-03-07
2020-03-11,High School,1968,https://boxd.it/11rQoZ,3,,Education during the counter culture,,2020-03-10
2020-03-13,Birds of Passage,2018,https://boxd.it/11Agnz,4,Yes,Maybe +1 if I saw it on blu-ray,,2020-03-12
2020-03-16,Solaris,1972,https://boxd.it/11OJjJ,5,Yes,cinema,,2020-03-15
2020-03-17,The Seventh Seal,1957,https://boxd.it/11YQHt,3.5,,Criterion 2009 copy,,2020-03-16
2020-03-21,9,2009,https://boxd.it/12j6EZ,1.5,,Fun to look at and entertaining(ish),,2020-03-20
2020-03-25,Bullet in the Head,1990,https://boxd.it/12PxPT,1.5,,"Ive now seen two John Woo movies and I hope to never be forced to watch a third.
(First movie under quarantine)",,2020-03-25
2020-03-25,A Woman Alone,1981,https://boxd.it/12Q8uD,3.5,,"-grey and bleak
-Two endings or just an unnecessary epilogue?
(second movie under quarantine)",,
2020-03-27,Ju Dou,1990,https://boxd.it/12ZtOR,4.5,,"Unfortunately a lot of the cultural implications went over my head, but oh my god this is masterful storytelling. Beautiful, perverse, and intimate all at the same time",,2020-03-26
2020-03-28,The Art of Self-Defense,2019,https://boxd.it/134SEx,3.5,,"A creative, left-leaning deconstruction of toxic masculinity",,2020-03-27
2020-03-28,Portrait of a Lady on Fire,2019,https://boxd.it/139okH,5,,"Cinema has never been better: simultaneously subtle and overwhelming.

<blockquote><i>‚ÄúDo all lovers feel that they‚Äôre inventing something?‚Äù</i></blockquote>",,2020-03-28
2020-03-29,Three Colors: White,1994,https://boxd.it/13goFf,4,,reversal of expectations over and over. I'm really starting to love Kieslowski,,
2020-03-30,The Square,2017,https://boxd.it/13nF5x,4.5,,My favorite comedy in recent memory. The Palme d‚Äôor placement at the beginning intentionally elevates the comedy even further. ,,2020-03-29
2020-03-30,Three Colors: Red,1994,https://boxd.it/13qtCv,4.5,,"<blockquote>‚Äú<i>It feels like something important is happening around me and it scares me.</i>‚Äù</blockquote>
-Fate, coincidence, or chance
-Existentialism
-The sun pushing through
Incredible conclusion to the trilogy.",,
2020-03-30,Resident Evil: Extinction,2007,https://boxd.it/13rtCn,0.5,,lol,,
2020-04-01,Next Floor,2008,https://boxd.it/13DDE3,,,So it turns out that Netflix‚Äôs ‚ÄúThe Platform‚Äù is not creative at all,,2020-03-31
2020-04-01,Memories of Underdevelopment,1968,https://boxd.it/13DZgn,4,,"This is an <b>extremely</b>¬†difficult film. I have never seen a movie accomplish an ambiguity like this‚Äî especially when depicting events so concretely. This was obviously a¬†parallel to the politics, but oh my god that does not make it easier to swallow",,2020-03-31
2020-04-01,Circle,2015,https://boxd.it/13FzxL,1,,"God this is so bad. The efforts to make it representative / PC are ridiculous. A robot could‚Äôve written this script


(look at the cast names for a good laugh)",,2020-04-01
2020-04-03,Would You Rather,2012,https://boxd.it/13Pibt,2,,ew,,
2020-04-03,Dogs,1992,https://boxd.it/13SI6F,3,,"-Frequently confusing, rather than sophisticated
-Insanely generic lines that try too hard to make Franz a polish Scarface
-Outright sexist",,2020-04-02
2020-04-03,Minority Report,2002,https://boxd.it/13U9bT,3.5,,I mean... it‚Äôs a Spielberg movie,,2020-04-03
2020-04-05,Akira,1988,https://boxd.it/144eLx,4,,I need to start watching more anime. An absolutely bonkers second half,,2020-04-04
2020-04-06,Stalker,1979,https://boxd.it/14ifOP,5,,"Impossible to truly comprehend, but don‚Äôt they say the same about the human brain?

<blockquote><i>‚ÄúDon‚Äôt be angry, but I must warn you. We‚Äôre now standing at the threshold. This is the most important moment in your life. You should know that your most cherished desire will come true here. Your sincerest wish, the desire that has made you suffer most.‚Äù</i></blockquote>Visually, the film is a literal maze‚Äî heightened and mysticized by both the mysteries of faith and the consequences of human action.",,2020-04-06
2020-04-07,Funny Games,1997,https://boxd.it/14pxyz,0.5,,"This is not funny at all. It‚Äôs fucking disgusting. I have literally never hated a movie this much


(April 9th: I admit that this is a really good movie. It worked on me. ¬†I felt both disgusted and guilty)",,2020-04-07
2020-04-08,Touki Bouki,1973,https://boxd.it/14uVqT,2.5,,"- beautiful culture (yet with some dark / graphic elements)
- French new wave editing (at times)",,2020-04-07
2020-04-09,Man on a Ledge,2012,https://boxd.it/14CXy7,1,,üòê,,2020-04-09
2020-04-11,Border,2018,https://boxd.it/14Oo7J,3.5,,"What do custom agents, intersex trolls, and pedophilia rings all have in common?",,2020-04-10
2020-04-12,In Darkness,2011,https://boxd.it/14XrTf,3,,"One of the closing title cards:
<blockquote>
<i>‚ÄúAt his funeral someone said, ‚ÄòIt‚Äôs God‚Äôs punishment for helping the Jews.‚Äô‚Äù</i></blockquote>
<blockquote><i>‚ÄúAs if we need God to punish each other.‚Äù</i></blockquote>",,2020-04-11
2020-04-13,The Nightingale,2018,https://boxd.it/155eS5,4.5,,"Absolutely brutal. Would never recommend this to anyone, however it is undeniably powerful (hopeful).


Powerful statement on both colonialism and trauma.",,2020-04-12
2020-04-13,The Last Wave,1977,https://boxd.it/157wYJ,3,,"-twin peaks esque¬†
-incredible sound scape

(criterion channel)",,2020-04-12
2020-04-13,Chungking Express,1994,https://boxd.it/15bstZ,4.5,,"I didn‚Äôt realize how much I loved this movie until it ended; I also didn‚Äôt realize what I was watching until it ended. The conclusion of the ‚Äúsecond‚Äù story contextualized the first (for me personally). We are all lost, but 0.01 cm can make all the difference.",,2020-04-13
2020-04-15,Decalogue VIII,1989,https://boxd.it/15rIb5,3,,"~humanity¬†
~grappling with the past
~consequences of communism (refusal to talk- Poland late 70s)",,2020-04-15
2020-04-16,Ida,2013,https://boxd.it/15xuhl,4,,Does empty space swallows the majority of the frame or is it God?,,2020-04-15
2020-04-16,House,1977,https://boxd.it/15yUXz,3,,<i>homemade</i>¬†& psychedelic,,2020-04-16
2020-04-17,45 Years,2015,https://boxd.it/15G5yT,4.5,,"Heartbreaking on countless levels. This is cinema.

<blockquote><i>‚ÄúAll who love are blind¬†</i>
<i>oh, when your heart‚Äôs on fire</i>
<i>you must realize</i>
<i>smoke gets in your eyes‚Äù</i></blockquote>",,2020-04-17
2020-04-18,Melancholia,2011,https://boxd.it/15Nh0N,4,,adding this to the list of movies I wish I could unsee.,,2020-04-18
2020-04-21,Force Majeure,2014,https://boxd.it/16czjD,4,,"Complicated take on masculinity and family dynamic.
- is Tomas still acting at the end? The cigarette leads time to believe that Ebba has genuinely made him believe he is ‚Äúmasculine‚Äù again. In fact, from Tomas‚Äô perspective Ebba‚Äôs actions during the bus ride could be seen as weak",,2020-04-21
2020-04-22,The Guilty,2018,https://boxd.it/16fYKv,3,,"-one location
-intense
-started loosing interest 1/2 way through",,
2020-04-23,The Host,2006,https://boxd.it/16qzJp,2.5,,"A tonal disaster, but I guess that Bong was having fun with it. Somehow I found myself bored at points, probably because of the inconsistent moods


Side note: why do all blockbusters have to be 2+ hours long",,2020-04-23
2020-04-25,Certified Copy,2010,https://boxd.it/16EJz3,3.5,,"Simultaneous stories




(I will re-watch this later today. <b>Not </b>a good movie to watch while drunk)",,2020-04-25
2020-04-26,Certified Copy,2010,https://boxd.it/16Mzmp,4.5,Yes,"So many possibilities and no answers
The copies are certainly indistinguishable from the original
Interestingly, the copies do not like who they are. Or maybe its who they've become",,2020-04-26
2020-04-28,Extraction,2020,https://boxd.it/173XOr,2,,I wondered if this would be about an extraction,,2020-04-28
2020-04-29,Bad Education,2019,https://boxd.it/17aPhN,4,,"A masterful blend of art house and mainstream cinemas. For a moment there, albeit a brief one, I thought I was watching Daniel Day-Lewis",,2020-04-29
2020-04-29,Truth or Dare,2017,https://boxd.it/17aT9N,0.5,,*made it through the first 20 minutes* and can see no reason to watch further,,2020-04-29
2020-04-30,Killer Klowns from Outer Space,1988,https://boxd.it/17hv5L,3.5,,Alright. Who wrote this and what drugs did they take?,,2020-04-30
2020-05-01,Molly's Game,2017,https://boxd.it/17piIV,4,,"Sorkin killed it. Crazy fast literally the whole movie. Maybe I just enjoy poker too much, but even the melodrama worked",,2020-05-01
2020-05-02,Blood Father,2016,https://boxd.it/17x17J,2,,Mel Gibson stars as... <b>The Blood Father</b>,,2020-05-02
2020-05-03,It Chapter Two,2019,https://boxd.it/17FFzf,2,,"Great popcorn movie that drags on for about an hour too long. It‚Äôs fine as an adaptation of the narrative, ¬†but unfortunately loses nearly all of the themes and existential ideas that make the book so incredible.",,2020-05-03
2020-05-04,The Matrix Reloaded,2003,https://boxd.it/17NzcP,2.5,,Awesome action movie with horrendous dialogue and shallow philosophical musings,,2020-05-03
2020-05-04,The Matrix Revolutions,2003,https://boxd.it/17Nzvd,1,,Yea this stinks,,2020-05-03
2020-05-04,Closer,2004,https://boxd.it/17Pwt3,4,,"An extremely effective story that circles around four horrible people. I sympathized with Alice throughout the entire movie; her betrayal was easily the worst of them all. <i>Closer </i>is extremely rich in its implications about these 4 individuals, unfortunately the film doesn‚Äôt really succeed at developing these ideas or even applying them to anything past the script.
<blockquote><i>‚ÄúMy real name is Jane. Thank you.</i>‚Äù</blockquote>(Natalie Portman is stunning as Alice. The mystique and intrigue is incredible)",,2020-05-04
2020-05-05,Dragged Across Concrete,2018,https://boxd.it/17UujP,4,,"Sure it‚Äôs long, but there was not a dull second. The tension is palpable and nearly nonstop. Between this and <i>Brawl in Cellblock 99</i>,¬†Zahler has probably established himself as one of my favorite working filmmakers.",,2020-05-04
2020-05-05,Shutter Island,2010,https://boxd.it/17VEbN,4,,"I‚Äôve avoided <i>Shutter Island </i>for years because I was under the impression it depended on a Shyamalan twist (that had already been spoiled for me). I was very wrong. Near the end of the first act the movie seems to drag a little. Fortunately, the final 30 minutes make up for it in strides.",,2020-05-04
2020-05-05,Mortal Kombat,1995,https://boxd.it/17WsQh,1,,Would‚Äôve been awesome if they got the new DLC characters in one of these movies lol,,2020-05-05
2020-05-07,The Killing of a Sacred Deer,2017,https://boxd.it/188ySn,3,,"Quite the vision, but it unfortunately doesn‚Äôt work for me (less so than even <i>Dogtooth</i>).¬†
<blockquote>
‚Äú<i>Do you understand? It‚Äôs metaphorical. It‚Äôs uhhh.... symbolic.</i>‚Äù</blockquote>No Martin, I don‚Äôt understand.",,2020-05-06
2020-05-08,Jarhead,2005,https://boxd.it/18f3kt,3.5,,Hot take: <i>Jarhead </i>> <i>1917</i>,,2020-05-07
2020-05-12,The Meg,2018,https://boxd.it/18LeR3,3,,"I wonder who funded that


Hint: China",,2020-05-11
2020-05-15,Avengers: Endgame,2019,https://boxd.it/1933mT,3,,"The self-reflexivity is pretty interesting, especially with the ‚Äútime heist‚Äù. <i>Endgame</i>¬†understands how to use its significance in a progressive manner, however it‚Äôs blatant commercialization (why tf is there an extended Fortnite ‚Äújoke‚Äù sequence) really detracts from its attempts to solidify the genre.¬†

This may not be a popular opinion but the battle scenes felt incredibly anti-climactic, perhaps from its intense fixation on spectacle


I would rather rewatch <i>The Meg </i>than muddle through this 3-hour film again.",,2020-05-14
2020-05-18,Star Wars: The Rise of Skywalker,2019,https://boxd.it/19nbJL,2,,Ew,,2020-05-17
2020-05-19,Bone Tomahawk,2015,https://boxd.it/19yzgP,3.5,,"Not as crafted as his recent 2 films, but original and dangerous regardless",,2020-05-18
2020-05-25,Vice,2018,https://boxd.it/1abAib,1.5,,"Intended to be formally progressive, but ended up being liberal melodrama",,2020-05-24
2020-05-31,Come to Daddy,2019,https://boxd.it/1aRNdx,1.5,,-uses Kanye‚Äôs blame game as an instrumental toward the end lol,,2020-05-30
2020-06-08,Ash Is Purest White,2018,https://boxd.it/1bKJxD,3,,"The unfamiliar cultural elements in harmony with non-stop melodrama made this a rather slow watch for me. The film occasionally rewards its viewer with pointed insights into the peculiarities of a relationship molded and formed by time. I‚Äôd imagine that the relationship is a refraction of China‚Äôs development, perhaps more knowledge of this would help my understanding of the 3rd act¬†

(Solo bass drum leitmotif was awesome. Also the synths against the traditional landscape)",,2020-06-07
2020-06-09,The Great Escape,1963,https://boxd.it/1bRn3F,3.5,,"loved the last hour, but yea it probably wasn‚Äôt needed. Felt like a weird attempt to add emotional impact (more so an introduction to what is now solidified as a ‚Äútrue story‚Äù trope)",,2020-06-08
2020-06-11,House of 1000 Corpses,2003,https://boxd.it/1c3IdZ,1.5,,"The true horror here is the editing¬†
(Digital zoom in aesthetic >)",,2020-06-10
2020-07-11,Jeffrey Epstein: Filthy Rich,2020,https://boxd.it/1f85fJ,3.5,,evil incarnate.,,2020-07-05
2020-07-15,Ready or Not,2019,https://boxd.it/1fAXtB,4,,This was too fun not to be a b-movie. More <i>Knives Out </i>than <i>Knives Out </i>could ever dream of being.,,2020-07-14
2020-09-02,I'm No Longer Here,2019,https://boxd.it/1kEmuF,4,,"-Dance through the chaos, although some inherently have less control than others
-Slow down the music. You can feel it better.",,2020-09-01
2020-09-09,I'm Thinking of Ending Things,2020,https://boxd.it/1lo96x,4.5,Yes,Still at a loss for words,,2020-09-08
2020-09-11,Dog Day Afternoon,1975,https://boxd.it/1lzUXl,4.5,,<blockquote><i>Attica!</i></blockquote>,,2020-09-10
2020-09-17,All√° en el Rancho Grande,1936,https://boxd.it/1mfHBF,3,,Epic dance off (Influence for Godard?),,2020-09-16
2020-09-17,The Devil All the Time,2020,https://boxd.it/1mgoRh,2.5,,Based on a book,,2020-09-16
2020-09-25,Maria Candelaria,1944,https://boxd.it/1n0ydN,4,,(first film to ever win the Palme d'Or),,
2020-10-06,Vertigo,1958,https://boxd.it/1oaRQN,4.5,,"<blockquote><i>If I do what you say then will you love me?</i></blockquote>


Madeline can ruin my life anytime",,2020-10-05
2020-10-13,The Brainiac,1962,https://boxd.it/1oZ5Wv,3,,"Man returns to Earth - after 300 years of living on a comet - to seduce, exact revenge, and eat the brains of the ancestors who once sentenced him to death.",,2020-10-12
2020-10-14,Class Action Park,2020,https://boxd.it/1p5hEv,2,,"Insanely inconsistent, but a very entertaining first half",,2020-10-13
2020-10-17,City of God,2002,https://boxd.it/1pmLXr,5,Yes,Yup,,2020-10-16
2020-10-20,Fatal Attraction,1987,https://boxd.it/1pIL4v,3,,"Wildly offensive, but the movie is well aware that it won‚Äôt matter for most of the target audience",,2020-10-19
2020-10-23,Basic Instinct,1992,https://boxd.it/1q1YeB,4,,Interrogation scene,,2020-10-22
2020-11-12,Duck Season,2004,https://boxd.it/1sdLhp,4,,"Encourages rumination. Influence for Roma??


What was Cuaron‚Äôs involvement?",,2020-11-11
2020-11-22,The Graduate,1967,https://boxd.it/1tbPOx,4.5,Yes,"EDIT: This might just be a 5-star. After all, I am a little worried about my future.",,2020-11-21
2020-11-28,Hillbilly Elegy,2020,https://boxd.it/1tW1hH,3.5,,Disappointing how biased this discourse is... <i>Hillbilly Elegy </i>seems to be more of a dramatization of the source material than an adaptation,,2020-11-28
2020-12-04,Wild Things,1998,https://boxd.it/1uA5rL,3.5,,Pretty fun!,,2020-12-03
2020-12-08,Euphoria: Trouble Don't Last Always,2020,https://boxd.it/1v2udv,3.5,,"still probably not going to watch the show, but this was beautiful",,2020-12-07
2020-12-16,Tenet,2020,https://boxd.it/1vWWar,3.5,,Yea I don‚Äôt follow yet,,2020-12-15
2020-12-20,Mank,2020,https://boxd.it/1wofkp,3.5,,Poetic and quite funny dialogue. That montage during the election scene is technical perfection,,2020-12-19
2020-12-30,The Good Liar,2019,https://boxd.it/1xVLdb,3.5,,Felt cheap but I‚Äôm thinking it might just be<blockquote>‚Äú<i>deeper than it looks.</i>‚Äù</blockquote>,,2020-12-29
2021-01-04,Boy Interrupted,2009,https://boxd.it/1yRrl1,,,Intensely personal and important- made with such love,,2021-01-03
2021-01-06,The Queen's Gambit,2020,https://boxd.it/1zcWqj,3.5,,"Pretty fun! Not sure how accurate it is to the source material, but the whole thing feels like a book",,2021-01-05
2021-01-14,The Gentlemen,2019,https://boxd.it/1Aq491,2.5,,watched this yesterday and completely forgot put it in Letterboxd,,2021-01-13
2021-01-16,The King of Staten Island,2020,https://boxd.it/1AKdOx,4,,+.5?,,2021-01-15
2021-02-06,Earwig and the Witch,2020,https://boxd.it/1DMdWH,2,,for the kids,,2021-02-05
2021-02-19,Palm Springs,2020,https://boxd.it/1FGffL,4,,More 90 minute movies please,,2021-02-18
2021-03-12,Mommy,2014,https://boxd.it/1IuMRV,4.5,,"Too much for an uninterrupted viewing...
Critic consensus!",,2021-03-11
2021-03-15,Possessor,2020,https://boxd.it/1IVLEb,4.5,,Inception x Saw x Akira x A24‚Äôs entire filmography.... so yea,,2021-03-14
2021-03-15,Death Proof,2007,https://boxd.it/1IZa7x,4,,Quite fun!,,2021-03-15
2021-03-24,WandaVision,2021,https://boxd.it/1Ka80F,0.5,,You‚Äôre not welcome here.,,2021-03-23
2021-03-24,The Falcon and the Winter Soldier,2021,https://boxd.it/1Ka8dp,0.5,,No,,2021-03-23
2021-04-09,Gemini Man,2019,https://boxd.it/1MqPyZ,3.5,,Will smith punches will smith with a motorcycle,,2021-04-08
2021-05-17,Tenet,2020,https://boxd.it/1RKwo7,3.5,Yes,"One word, tenet",,2021-05-16
2021-06-04,When Harry Met Sally...,1989,https://boxd.it/1UdBUj,5,,Woah,,2021-06-04
2021-06-16,From Dusk Till Dawn,1996,https://boxd.it/1VImOL,4,Yes,Far better than I remember,,2021-06-15
2021-07-17,Bottle Rocket,1996,https://boxd.it/200SKN,3,,Saw at Michigan Theatre,,2021-07-16
2021-08-01,The Green Knight,2021,https://boxd.it/22b7RH,5,,"Definitive Christmas movie


See this in theaters",,2021-07-31
2021-08-11,Alien,1979,https://boxd.it/23KJb9,3.5,Yes,*flashing lights*,,2021-08-10
2021-08-19,Pleasantville,1998,https://boxd.it/24TL8N,3.5,,They stole this from WandaVISION,,2021-08-18
2021-08-20,Stoker,2013,https://boxd.it/252isd,4,,Terrifying!,,2021-08-20
2021-09-13,Malignant,2021,https://boxd.it/28sDBJ,4,,Great cinema,,2021-09-12
2021-10-08,The Guilty,2021,https://boxd.it/2bQC0H,2.5,,Think I‚Äôm obligated to rate this lower than the original,,2021-10-07
2021-10-23,Dune,2021,https://boxd.it/2e3sfB,4,,Epic,,2021-10-22
2021-11-12,The Harder They Fall,2021,https://boxd.it/2hgltz,3.5,,So fun,,2021-11-11
2021-11-19,The Death of Dick Long,2019,https://boxd.it/2iumPX,3.5,,Plus .5 stars if they cut it when he frees the horse,,2021-11-18
2021-11-20,Butt Boy,2019,https://boxd.it/2iDM4h,3,,Phenomenal cinema,,2021-11-20
2021-12-28,8¬Ω,1963,https://boxd.it/2p2MdR,4.5,,Stunning- deserves to be regarded as one of the best movies ever,,2021-12-27
2021-12-30,Climax,2018,https://boxd.it/2pwfSn,3,,I‚Äôm not capable of watching this through in a single sitting. Everytime I watch a gasper noe movie I‚Äôm reminded why I don‚Äôt watch them,,2021-12-29
2022-01-09,Juice WRLD: Into the Abyss,2021,https://boxd.it/2slYO1,2,,"Great footage, but awful documentary. No insight or perspective",,2022-01-08
2022-02-03,Nightmare Alley,2021,https://boxd.it/2xSCgx,3.5,,"Del toro pulls back the curtain on some magic¬†

Also awesome ending",,2022-02-02
2022-02-08,Sympathy for Mr. Vengeance,2002,https://boxd.it/2yQDE1,3,,Wishing there was more vengeance :/,,2022-02-07
2022-02-10,Thirteen,2003,https://boxd.it/2zcBm9,3.5,,Too scary,,2022-02-09
2022-02-17,jeen-yuhs: A Kanye Trilogy,2022,https://boxd.it/2AtKbn,3,,P1,,2022-02-16
2022-02-20,Cach√©,2005,https://boxd.it/2AY4rb,4,,-_____________-,,2022-02-19
2022-02-20,Texas Chainsaw Massacre,2022,https://boxd.it/2B0I8R,1.5,,Final 30 seconds had me cheering,,2022-02-19
2022-02-28,jeen-yuhs: A Kanye Trilogy,2022,https://boxd.it/2Csai9,3.5,Yes,P2,,2022-02-27
2022-03-03,The French Dispatch,2021,https://boxd.it/2CW8Zb,3.5,,Very rewatchable,,2022-03-02
2022-03-04,The Batman,2022,https://boxd.it/2D7Zax,4,,Vengeance,,2022-03-03
2022-03-06,jeen-yuhs: A Kanye Trilogy,2022,https://boxd.it/2DpPoF,4,Yes,P3,,2022-03-05
2022-03-07,Paprika,2006,https://boxd.it/2DLD2B,4,,Crazy pacing,,2022-03-06
2022-03-10,The Rock,1996,https://boxd.it/2EjiXp,4,,Michael bay!,,2022-03-09
2022-03-10,Pusher II,2004,https://boxd.it/2EjBND,4,,Absolutely brutal,,2022-03-10
2022-03-13,The Tinder Swindler,2022,https://boxd.it/2EUoPF,2,,Subtracting 1.5 stars because of the mid credit (?) scene,,2022-03-13
2022-03-22,Antlers,2021,https://boxd.it/2Gvojx,3,,Praise the erdtree!,,2022-03-21
2022-03-22,Pusher 3,2005,https://boxd.it/2GCHSP,4.5,,"My three emoji review:
üòîüò≥‚òπÔ∏è",,2022-03-22
2022-04-04,The VelociPastor,2018,https://boxd.it/2IUUfv,1.5,,Insightful filmmaking at times,,2022-04-03
2022-04-09,The Greasy Strangler,2016,https://boxd.it/2JJTQ3,3,,-___________-,,2022-04-08
2022-04-22,The Northman,2022,https://boxd.it/2M9h2f,5,,Honorable or borderline evil ?,,2022-04-21
2022-05-04,Army of Darkness,1992,https://boxd.it/2OeT0z,4.5,,Cinema,,2022-05-03
2022-05-06,Doctor Strange in the Multiverse of Madness,2022,https://boxd.it/2Ozkar,3.5,,Very fun!,,2022-05-05
2022-06-02,Men,2022,https://boxd.it/2TqKJ5,4,,Craziest sequence is inspired by attack on titan!,,2022-06-01
2022-06-30,Old,2021,https://boxd.it/2YyTx9,3.5,,Takes a crazy amount of skill for this to be pg13,,2022-06-29
2022-07-18,Primal Fear,1996,https://boxd.it/3280Nb,3.5,,"Crazy ending, made me go from neutral to pro",,2022-07-17
2022-07-22,A Quiet Place Part II,2020,https://boxd.it/32Mbld,2,,"I gave the first one 2.5 stars (?!?), obviously this one has to be lower.¬†
Probably should be 3 or 2.5",,2022-07-21
2022-07-22,House of Gucci,2021,https://boxd.it/32PiC7,3,,Jared Leto is killer,,2022-07-21
2022-07-31,The Gray Man,2022,https://boxd.it/34UZ7p,0.5,,üò°üò°,,2022-07-30
2022-08-08,Prey,2022,https://boxd.it/36NwAh,3.5,,I always thought predator is so op. Still is but feels a bit less so here,,2022-08-07
2022-08-10,Nope,2022,https://boxd.it/37doIp,4.5,,Awesome !,,2022-08-09
2022-08-12,Licorice Pizza,2021,https://boxd.it/37Cyf3,4.5,,"Wow !
Uncontrollably smiled for 95% of this",,2022-08-11
2022-08-15,The Black Phone,2021,https://boxd.it/38fisj,3,,Minus a full star for that one liner at the end,,2022-08-14
2022-08-22,Creep,2014,https://boxd.it/39ICsb,3,,Super creepy,,2022-08-22
2022-08-24,Contagion,2011,https://boxd.it/39YlUz,3.5,Yes,Hand shaking scene toward the end is incredible,,2022-08-23
2022-08-24,Elle,2016,https://boxd.it/3a6l4z,4,,Great but will not be watching again,,2022-08-24
2022-08-30,Neon Genesis Evangelion,1995,https://boxd.it/3b9PjT,4,,"Really liked the last 2 episodes, but probably only bc I had read explanations on how it departs from the rest on the series. 
Some scenes are perfection, but overall it‚Äôs not my type of anime. Felt it was fair to log this on Letterboxd",,2022-08-29
2022-08-30,Neon Genesis Evangelion: The End of Evangelion,1997,https://boxd.it/3beyc7,4.5,,"Beautiful visuals. Expected this to be a lot more clarifying / simple, but a lot of it definitely went over my head.¬†
Need to watch again soon. Should be 5 stars lol",,2022-08-30
2022-09-01,Freaks,2018,https://boxd.it/3bza7p,3.5,,Pretty awesome,,2022-08-31
2022-09-18,Evangelion: 1.0 You Are (Not) Alone,2007,https://boxd.it/3eD67P,3.5,,Watched the 1.11 version,,2022-09-17
2022-09-28,Dahmer ‚Äì Monster: The Jeffrey Dahmer Story,2022,https://boxd.it/3gEXYd,3,,"Extremely well done, don‚Äôt think I‚Äôve ever watched anything as ¬†as unwatchable as the pilot episode. I really don‚Äôt think the tribute to the victims is consistent though, doesn‚Äôt seem right to me",,2022-09-27
2022-09-30,Blonde,2022,https://boxd.it/3gZUYh,3,,"Difficult watch. Beautiful movie, but I was hoping for more",,2022-09-29
2022-10-01,Windfall,2022,https://boxd.it/3h9bsF,2.5,,Forgot to log this earlier this week!,,2022-09-30
2022-10-01,Entergalactic,2022,https://boxd.it/3hc48p,4,,Actually kind of great,,2022-09-30
